datetime,open,high,low,close,tick_volume
2021-03-25 01:00:00,1.36971,1.37084,1.36795,1.36986,3214
2021-03-25 05:00:00,1.36986,1.37044,1.36706,1.36834,5054
2021-03-25 09:00:00,1.36834,1.3731,1.36787,1.37079,7367
2021-03-25 13:00:00,1.37079,1.37414,1.3706,1.37323,10543
2021-03-25 17:00:00,1.37323,1.37456,1.37248,1.37339,4899
2021-03-25 21:00:00,1.37339,1.37578,1.37308,1.37504,1610
2021-03-26 01:00:00,1.37504,1.37657,1.37465,1.37585,1872
2021-03-26 05:00:00,1.37585,1.37863,1.37423,1.37686,4631
2021-03-26 09:00:00,1.37686,1.37916,1.37514,1.37674,5848
2021-03-26 13:00:00,1.37674,1.38124,1.37666,1.37888,7971
2021-03-26 17:00:00,1.37888,1.37998,1.37762,1.37925,4274
2021-03-28 21:00:00,1.37925,1.38059,1.3771,1.37748,1537
2021-03-29 01:00:00,1.37748,1.37898,1.37658,1.37731,2242
2021-03-29 05:00:00,1.37731,1.38372,1.37566,1.381,7511
2021-03-29 09:00:00,1.381,1.38468,1.38077,1.38227,6933
2021-03-29 13:00:00,1.38227,1.38378,1.37648,1.37778,9566
2021-03-29 17:00:00,1.37778,1.37816,1.37556,1.37624,3171
2021-03-29 21:00:00,1.37624,1.37763,1.3759,1.37688,1248
2021-03-30 01:00:00,1.37688,1.37814,1.37602,1.37812,2098
2021-03-30 05:00:00,1.37812,1.37836,1.37422,1.37726,6983
2021-03-30 09:00:00,1.37726,1.37792,1.37301,1.3739,7595
2021-03-30 13:00:00,1.3739,1.37548,1.37062,1.37187,8909
2021-03-30 17:00:00,1.37187,1.37425,1.37135,1.37411,2553
2021-03-30 21:00:00,1.37411,1.37522,1.37344,1.37432,2158
2021-03-31 01:00:00,1.37432,1.3746,1.37186,1.37265,2431
2021-03-31 05:00:00,1.37265,1.37834,1.37166,1.37828,6235
2021-03-31 09:00:00,1.37828,1.3795,1.37546,1.37678,6747
2021-03-31 13:00:00,1.37678,1.38118,1.37595,1.38002,10004
2021-03-31 17:00:00,1.38002,1.38086,1.37766,1.37828,3423
2021-03-31 21:00:00,1.37828,1.37902,1.37747,1.37886,1976
2021-04-01 01:00:00,1.37886,1.37907,1.37653,1.37674,3022
2021-04-01 05:00:00,1.37674,1.37962,1.3746,1.3776,7549
2021-04-01 09:00:00,1.3776,1.37957,1.37586,1.37914,7326
2021-04-01 13:00:00,1.37914,1.38366,1.3791,1.38187,9099
2021-04-01 17:00:00,1.38187,1.38361,1.38179,1.38333,2089
2021-04-01 21:00:00,1.38333,1.38456,1.38312,1.38418,828
2021-04-02 01:00:00,1.38418,1.38502,1.38339,1.38456,1083
2021-04-02 05:00:00,1.38456,1.38525,1.3833,1.38358,1672
2021-04-02 09:00:00,1.38358,1.38426,1.38128,1.38338,2194
2021-04-02 13:00:00,1.38338,1.38339,1.38143,1.38215,9270
2021-04-02 17:00:00,1.38215,1.38426,1.38159,1.38354,23269
2021-04-04 21:00:00,1.38354,1.38359,1.38178,1.38294,1802
2021-04-05 01:00:00,1.38294,1.38429,1.38266,1.38275,1737
2021-04-05 05:00:00,1.38275,1.38687,1.38132,1.38618,3657
2021-04-05 09:00:00,1.38618,1.38802,1.38534,1.3877,3299
2021-04-05 13:00:00,1.3877,1.39136,1.38734,1.39024,4595
2021-04-05 17:00:00,1.39024,1.39076,1.38994,1.39015,1863
2021-04-05 21:00:00,1.39015,1.39156,1.38978,1.39034,1288
2021-04-06 01:00:00,1.39034,1.39082,1.38897,1.39058,2348
2021-04-06 05:00:00,1.39058,1.39188,1.38389,1.38545,7365
2021-04-06 09:00:00,1.38545,1.38589,1.38178,1.38402,7687
2021-04-06 13:00:00,1.38402,1.38663,1.38198,1.38218,6773
2021-04-06 17:00:00,1.38218,1.38346,1.38022,1.38246,3701
2021-04-06 21:00:00,1.38246,1.38349,1.382,1.38338,1431
2021-04-07 01:00:00,1.38338,1.384,1.382,1.38306,2769
2021-04-07 05:00:00,1.38306,1.38318,1.37726,1.38308,9183
2021-04-07 09:00:00,1.38308,1.3838,1.3756,1.37614,8124
2021-04-07 13:00:00,1.37614,1.37944,1.37285,1.37422,10165
2021-04-07 17:00:00,1.37422,1.37494,1.37246,1.3737,3570
2021-04-07 21:00:00,1.3737,1.37445,1.37328,1.374,1232
2021-04-08 01:00:00,1.374,1.37632,1.37325,1.37592,1821
2021-04-08 05:00:00,1.37592,1.37826,1.37186,1.37263,5459
2021-04-08 09:00:00,1.37263,1.37737,1.37252,1.37674,6673
2021-04-08 13:00:00,1.37674,1.377,1.37228,1.37403,8746
2021-04-08 17:00:00,1.37403,1.37463,1.37279,1.37346,2896
2021-04-08 21:00:00,1.37346,1.37501,1.37224,1.37486,1297
2021-04-09 01:00:00,1.37486,1.37508,1.37292,1.37336,2133
2021-04-09 05:00:00,1.37336,1.37348,1.367,1.37125,6311
2021-04-09 09:00:00,1.37125,1.37283,1.36963,1.37172,5716
2021-04-09 13:00:00,1.37172,1.37448,1.37128,1.37264,7907
2021-04-09 17:00:00,1.37264,1.37327,1.37014,1.3706,2051
2021-04-11 21:00:00,1.3706,1.37159,1.3697,1.37093,1800
2021-04-12 01:00:00,1.37093,1.37096,1.36812,1.36824,3145
2021-04-12 05:00:00,1.36824,1.37474,1.36692,1.37408,6132
2021-04-12 09:00:00,1.37408,1.37768,1.37338,1.37669,5261
2021-04-12 13:00:00,1.37669,1.37688,1.37314,1.37431,4961
2021-04-12 17:00:00,1.37431,1.37474,1.37342,1.37413,2029
2021-04-12 21:00:00,1.37413,1.3756,1.37372,1.37428,1342
2021-04-13 01:00:00,1.37428,1.37444,1.3726,1.3727,2464
2021-04-13 05:00:00,1.3727,1.37664,1.37261,1.37548,5067
2021-04-13 09:00:00,1.37548,1.3769,1.37142,1.373,8188
2021-04-13 13:00:00,1.373,1.37552,1.36945,1.37374,8247
2021-04-13 17:00:00,1.37374,1.37578,1.37374,1.37509,2426
2021-04-13 21:00:00,1.37509,1.37628,1.37485,1.37519,1283
2021-04-14 01:00:00,1.37519,1.37792,1.37499,1.37697,2784
2021-04-14 05:00:00,1.37697,1.38086,1.37654,1.3795,6055
2021-04-14 09:00:00,1.3795,1.3797,1.37508,1.37542,5106
2021-04-14 13:00:00,1.37542,1.37992,1.37534,1.37964,6431
2021-04-14 17:00:00,1.37964,1.3797,1.37747,1.37797,2148
2021-04-14 21:00:00,1.37797,1.37924,1.37749,1.37912,1334
2021-04-15 01:00:00,1.37912,1.37948,1.37652,1.37665,2694
2021-04-15 05:00:00,1.37665,1.37986,1.37655,1.37781,4769
2021-04-15 09:00:00,1.37781,1.3809,1.37616,1.37855,6449
2021-04-15 13:00:00,1.37855,1.37952,1.37718,1.37866,7561
2021-04-15 17:00:00,1.37866,1.37946,1.37736,1.37847,2413
2021-04-15 21:00:00,1.37847,1.37878,1.37658,1.37685,1316
2021-04-16 01:00:00,1.37685,1.37712,1.37528,1.37661,2958
2021-04-16 05:00:00,1.37661,1.37685,1.3716,1.37566,7199
2021-04-16 09:00:00,1.37566,1.38158,1.37526,1.38034,7512
2021-04-16 13:00:00,1.38034,1.3828,1.37906,1.38256,5644
2021-04-16 17:00:00,1.38256,1.38436,1.38254,1.38414,1680
2021-04-18 21:00:00,1.38414,1.38414,1.38147,1.38158,2086
2021-04-19 01:00:00,1.38158,1.38574,1.38097,1.38514,3511
2021-04-19 05:00:00,1.38514,1.38896,1.38396,1.38768,8197
2021-04-19 09:00:00,1.38768,1.3969,1.3868,1.39639,8947
2021-04-19 13:00:00,1.39639,1.39929,1.39431,1.39862,7407
2021-04-19 17:00:00,1.39862,1.3991,1.39808,1.39864,1959
2021-04-19 21:00:00,1.39864,1.39946,1.39804,1.39861,1307
2021-04-20 01:00:00,1.39861,1.40085,1.39759,1.40035,3369
2021-04-20 05:00:00,1.40035,1.40092,1.39814,1.39816,6906
2021-04-20 09:00:00,1.39816,1.39904,1.39498,1.39578,5912
2021-04-20 13:00:00,1.39578,1.39732,1.39336,1.39399,6134
2021-04-20 17:00:00,1.39399,1.39445,1.39262,1.39358,2385
2021-04-20 21:00:00,1.39358,1.39477,1.39318,1.39363,1766
2021-04-21 01:00:00,1.39363,1.39498,1.39168,1.39204,3253
2021-04-21 05:00:00,1.39204,1.39476,1.391,1.3929,5808
2021-04-21 09:00:00,1.3929,1.39406,1.39047,1.39114,4379
2021-04-21 13:00:00,1.39114,1.3943,1.38856,1.39294,7219
2021-04-21 17:00:00,1.39294,1.39382,1.3923,1.39304,2184
2021-04-21 21:00:00,1.39304,1.39398,1.39258,1.39373,1255
2021-04-22 01:00:00,1.39373,1.39498,1.3927,1.39285,2624
2021-04-22 05:00:00,1.39285,1.39462,1.38968,1.38988,5255
2021-04-22 09:00:00,1.38988,1.39192,1.38593,1.38689,6814
2021-04-22 13:00:00,1.38689,1.38756,1.38268,1.38433,9041
2021-04-22 17:00:00,1.38433,1.3846,1.38236,1.38381,4934
2021-04-22 21:00:00,1.38381,1.38466,1.3835,1.38464,1480
2021-04-23 01:00:00,1.38464,1.38661,1.3843,1.38638,2795
2021-04-23 05:00:00,1.38638,1.38907,1.38528,1.38754,6226
2021-04-23 09:00:00,1.38754,1.38955,1.38647,1.38846,5819
2021-04-23 13:00:00,1.38846,1.3889,1.38356,1.38564,7279
2021-04-23 17:00:00,1.38564,1.38906,1.38538,1.38757,2808
2021-04-25 21:00:00,1.38757,1.38929,1.38648,1.38875,1710
2021-04-26 01:00:00,1.38875,1.3908,1.38871,1.39027,2668
2021-04-26 05:00:00,1.39027,1.39295,1.3891,1.39044,6790
2021-04-26 09:00:00,1.39044,1.39264,1.38672,1.38688,7045
2021-04-26 13:00:00,1.38688,1.39046,1.38659,1.38874,6365
2021-04-26 17:00:00,1.38874,1.39082,1.38856,1.38969,2249
2021-04-26 21:00:00,1.38969,1.39022,1.3888,1.38926,1264
2021-04-27 01:00:00,1.38926,1.38948,1.3875,1.38892,2118
2021-04-27 05:00:00,1.38892,1.39012,1.38588,1.38598,5822
2021-04-27 09:00:00,1.38598,1.39176,1.38588,1.39048,6827
2021-04-27 13:00:00,1.39048,1.39242,1.38864,1.39058,7010
2021-04-27 17:00:00,1.39058,1.39148,1.39004,1.3914,1980
2021-04-27 21:00:00,1.3914,1.3914,1.38875,1.38877,1409
2021-04-28 01:00:00,1.38877,1.38918,1.38738,1.3875,2292
2021-04-28 05:00:00,1.3875,1.38922,1.38626,1.38812,5765
2021-04-28 09:00:00,1.38812,1.38972,1.3861,1.3868,5900
2021-04-28 13:00:00,1.3868,1.39236,1.38672,1.3915,6691
2021-04-28 17:00:00,1.3915,1.39507,1.38898,1.39334,8591
2021-04-28 21:00:00,1.39334,1.3969,1.39334,1.39644,1601
2021-04-29 01:00:00,1.39644,1.39766,1.39397,1.3951,2851
2021-04-29 05:00:00,1.3951,1.39698,1.39336,1.39418,6155
2021-04-29 09:00:00,1.39418,1.39661,1.39322,1.39619,6822
2021-04-29 13:00:00,1.39619,1.39654,1.39376,1.39426,9841
2021-04-29 17:00:00,1.39426,1.39514,1.39346,1.39445,3011
2021-04-29 21:00:00,1.39445,1.39545,1.39369,1.39536,1730
2021-04-30 01:00:00,1.39536,1.39584,1.39422,1.39452,1862
2021-04-30 05:00:00,1.39452,1.39466,1.39043,1.39074,5641
2021-04-30 09:00:00,1.39074,1.39236,1.38723,1.38787,6946
2021-04-30 13:00:00,1.38787,1.38876,1.38075,1.38296,13448
2021-04-30 17:00:00,1.38296,1.3831,1.38028,1.38177,4406
2021-05-02 21:00:00,1.38177,1.38338,1.38117,1.38334,1350
2021-05-03 01:00:00,1.38334,1.3836,1.38165,1.38208,1719
2021-05-03 05:00:00,1.38208,1.38582,1.38012,1.38564,6068
2021-05-03 09:00:00,1.38564,1.3895,1.38449,1.38782,5947
2021-05-03 13:00:00,1.38782,1.39318,1.38777,1.39072,6590
2021-05-03 17:00:00,1.39072,1.39148,1.39049,1.3911,2573
2021-05-03 21:00:00,1.3911,1.39178,1.3893,1.3901,1790
2021-05-04 01:00:00,1.3901,1.39016,1.38711,1.38748,2350
2021-05-04 05:00:00,1.38748,1.38924,1.38514,1.38697,6014
2021-05-04 09:00:00,1.38697,1.38914,1.38384,1.38504,7537
2021-05-04 13:00:00,1.38504,1.38962,1.38436,1.38877,12756
2021-05-04 17:00:00,1.38877,1.38976,1.38832,1.38881,4541
2021-05-04 21:00:00,1.38881,1.39004,1.38855,1.38986,1404
2021-05-05 01:00:00,1.38986,1.39145,1.38952,1.39091,1608
2021-05-05 05:00:00,1.39091,1.39144,1.38844,1.38938,5714
2021-05-05 09:00:00,1.38938,1.39264,1.38762,1.39063,5447
2021-05-05 13:00:00,1.39063,1.39214,1.38906,1.39022,6529
2021-05-05 17:00:00,1.39022,1.39126,1.38982,1.39036,3647
2021-05-05 21:00:00,1.39036,1.39138,1.38992,1.38999,1114
2021-05-06 01:00:00,1.38999,1.39112,1.38854,1.38982,3063
2021-05-06 05:00:00,1.38982,1.39136,1.38974,1.39004,5695
2021-05-06 09:00:00,1.39004,1.3941,1.38572,1.38927,12402
2021-05-06 13:00:00,1.38927,1.39116,1.38628,1.38864,9450
2021-05-06 17:00:00,1.38864,1.38994,1.38844,1.38913,3132
2021-05-06 21:00:00,1.38913,1.39017,1.3888,1.38968,992
2021-05-07 01:00:00,1.38968,1.39118,1.38903,1.39086,2131
2021-05-07 05:00:00,1.39086,1.39291,1.38949,1.3925,5371
2021-05-07 09:00:00,1.3925,1.39724,1.3891,1.3954,11483
2021-05-07 13:00:00,1.3954,1.40006,1.39186,1.3982,13296
2021-05-07 17:00:00,1.3982,1.40058,1.39806,1.39863,4235
2021-05-09 21:00:00,1.39863,1.41244,1.39863,1.40284,3202
2021-05-10 01:00:00,1.40284,1.40377,1.40151,1.40257,2298
2021-05-10 05:00:00,1.40257,1.40966,1.40257,1.40904,8496
2021-05-10 09:00:00,1.40904,1.41582,1.40806,1.41474,7576
2021-05-10 13:00:00,1.41474,1.41552,1.41072,1.41424,9318
2021-05-10 17:00:00,1.41424,1.41535,1.41158,1.41175,5092
2021-05-10 21:00:00,1.41175,1.41346,1.41128,1.41168,1777
2021-05-11 01:00:00,1.41168,1.41328,1.41136,1.41255,3128
2021-05-11 05:00:00,1.41255,1.41436,1.4104,1.41405,6997
2021-05-11 09:00:00,1.41405,1.41581,1.41216,1.41516,6658
2021-05-11 13:00:00,1.41516,1.41668,1.41166,1.41648,11605
2021-05-11 17:00:00,1.41648,1.41661,1.41384,1.41429,4157
2021-05-11 21:00:00,1.41429,1.41472,1.41219,1.41268,1541
2021-05-12 01:00:00,1.41268,1.4128,1.41074,1.4115,3256
2021-05-12 05:00:00,1.4115,1.41496,1.41146,1.41414,6005
2021-05-12 09:00:00,1.41414,1.41465,1.40806,1.41343,11382
2021-05-12 13:00:00,1.41343,1.41534,1.40562,1.40577,17551
2021-05-12 17:00:00,1.40577,1.40684,1.405,1.40527,6236
2021-05-12 21:00:00,1.40527,1.40713,1.40507,1.40651,1693
2021-05-13 01:00:00,1.40651,1.40782,1.4058,1.40662,3529
2021-05-13 05:00:00,1.40662,1.40715,1.40226,1.40304,9274
2021-05-13 09:00:00,1.40304,1.40523,1.40057,1.40326,9737
2021-05-13 13:00:00,1.40326,1.40625,1.40251,1.40369,10521
2021-05-13 17:00:00,1.40369,1.40554,1.40162,1.4052,5288
2021-05-13 21:00:00,1.4052,1.40563,1.40362,1.4046,1344
2021-05-14 01:00:00,1.4046,1.40522,1.40366,1.40442,2642
2021-05-14 05:00:00,1.40442,1.40768,1.40388,1.40666,7111
2021-05-14 09:00:00,1.40666,1.40962,1.4054,1.409,8473
2021-05-14 13:00:00,1.409,1.4111,1.40782,1.4097,8111
2021-05-14 17:00:00,1.4097,1.41038,1.40856,1.40968,3055
2021-05-16 21:00:00,1.40968,1.41044,1.40854,1.4087,1517
2021-05-17 01:00:00,1.4087,1.40933,1.40784,1.40843,2281
2021-05-17 05:00:00,1.40843,1.41194,1.40802,1.41066,6668
2021-05-17 09:00:00,1.41066,1.41164,1.40774,1.40898,6739
2021-05-17 13:00:00,1.40898,1.41399,1.4088,1.4139,8532
2021-05-17 17:00:00,1.4139,1.41467,1.41313,1.41313,2219
2021-05-17 21:00:00,1.41313,1.41581,1.41313,1.4151,1277
2021-05-18 01:00:00,1.4151,1.41782,1.41498,1.41712,2594
2021-05-18 05:00:00,1.41712,1.42148,1.41651,1.42114,6567
2021-05-18 09:00:00,1.42114,1.42204,1.41836,1.42028,7481
2021-05-18 13:00:00,1.42028,1.42157,1.41812,1.41923,9266
2021-05-18 17:00:00,1.41923,1.41978,1.41834,1.41891,2976
2021-05-18 21:00:00,1.41891,1.42006,1.41832,1.41934,1361
2021-05-19 01:00:00,1.41934,1.41958,1.41797,1.4188,2835
2021-05-19 05:00:00,1.4188,1.42009,1.41678,1.41822,8131
2021-05-19 09:00:00,1.41822,1.41876,1.41419,1.41509,9252
2021-05-19 13:00:00,1.41509,1.41805,1.41305,1.4158,14199
2021-05-19 17:00:00,1.4158,1.41669,1.40992,1.41147,11814
2021-05-19 21:00:00,1.41147,1.41227,1.41043,1.41212,1786
2021-05-20 01:00:00,1.41212,1.41212,1.41016,1.41164,3642
2021-05-20 05:00:00,1.41164,1.41414,1.41048,1.41117,6534
2021-05-20 09:00:00,1.41117,1.41368,1.41026,1.41326,7285
2021-05-20 13:00:00,1.41326,1.41836,1.41272,1.418,9846
2021-05-20 17:00:00,1.418,1.41926,1.41724,1.41908,3135
2021-05-20 21:00:00,1.41908,1.41945,1.41757,1.41805,1569
2021-05-21 01:00:00,1.41805,1.41846,1.41696,1.41812,2492
2021-05-21 05:00:00,1.41812,1.42051,1.41683,1.42051,7749
2021-05-21 09:00:00,1.42051,1.4234,1.41856,1.42022,9047
2021-05-21 13:00:00,1.42022,1.42067,1.41406,1.41456,10154
2021-05-21 17:00:00,1.41456,1.41602,1.41448,1.41492,3251
2021-05-23 21:00:00,1.41492,1.41627,1.41374,1.41414,1948
2021-05-24 01:00:00,1.41414,1.41506,1.41364,1.41487,2973
2021-05-24 05:00:00,1.41487,1.4172,1.41113,1.41385,7388
2021-05-24 09:00:00,1.41385,1.41463,1.41189,1.41442,8639
2021-05-24 13:00:00,1.41442,1.41682,1.41352,1.41572,7256
2021-05-24 17:00:00,1.41572,1.41613,1.41476,1.41566,2740
2021-05-24 21:00:00,1.41566,1.41672,1.41526,1.41668,1707
2021-05-25 01:00:00,1.41668,1.41853,1.41652,1.41802,3400
2021-05-25 05:00:00,1.41802,1.42109,1.41691,1.41859,9013
2021-05-25 09:00:00,1.41859,1.4194,1.41356,1.41413,7637
2021-05-25 13:00:00,1.41413,1.41443,1.41156,1.41406,9731
2021-05-25 17:00:00,1.41406,1.41612,1.41383,1.41532,4067
2021-05-25 21:00:00,1.41532,1.41543,1.41406,1.41496,1707
2021-05-26 01:00:00,1.41496,1.417,1.41411,1.41688,3591
2021-05-26 05:00:00,1.41688,1.4172,1.41334,1.41567,6961
2021-05-26 09:00:00,1.41567,1.4176,1.41422,1.4145,7540
2021-05-26 13:00:00,1.4145,1.41595,1.41166,1.41218,9338
2021-05-26 17:00:00,1.41218,1.41282,1.41124,1.412,3682
2021-05-26 21:00:00,1.412,1.41254,1.4098,1.41058,1899
2021-05-27 01:00:00,1.41058,1.41195,1.40919,1.41134,2969
2021-05-27 05:00:00,1.41134,1.41396,1.41008,1.41162,7328
2021-05-27 09:00:00,1.41162,1.41836,1.41142,1.41574,10763
2021-05-27 13:00:00,1.41574,1.4196,1.41536,1.41778,9925
2021-05-27 17:00:00,1.41778,1.42194,1.41771,1.42061,4245
2021-05-27 21:00:00,1.42061,1.421,1.41894,1.41902,1627
2021-05-28 01:00:00,1.41902,1.41996,1.41822,1.41956,2677
2021-05-28 05:00:00,1.41956,1.42058,1.41732,1.41994,8644
2021-05-28 09:00:00,1.41994,1.42002,1.41396,1.41416,10494
2021-05-28 13:00:00,1.41416,1.41995,1.41364,1.41968,12816
2021-05-28 17:00:00,1.41968,1.41998,1.41828,1.41905,3935
2021-05-30 21:00:00,1.41905,1.41962,1.41732,1.41814,1374
2021-05-31 01:00:00,1.41814,1.42008,1.41783,1.41948,2626
2021-05-31 05:00:00,1.41948,1.41976,1.4164,1.41716,7107
2021-05-31 09:00:00,1.41716,1.41862,1.41646,1.41812,5452
2021-05-31 13:00:00,1.41812,1.4218,1.41666,1.42057,6222
2021-05-31 17:00:00,1.42057,1.4217,1.42006,1.42138,1401
2021-05-31 21:00:00,1.42138,1.4229,1.42055,1.42276,1143
2021-06-01 01:00:00,1.42276,1.42505,1.4227,1.42332,4969
2021-06-01 05:00:00,1.42332,1.42432,1.41766,1.41898,9808
2021-06-01 09:00:00,1.41898,1.4195,1.41552,1.41595,8493
2021-06-01 13:00:00,1.41595,1.41922,1.41575,1.41612,10975
2021-06-01 17:00:00,1.41612,1.41634,1.41467,1.41497,2892
2021-06-01 21:00:00,1.41497,1.41626,1.41457,1.41584,1327
2021-06-02 01:00:00,1.41584,1.41642,1.41478,1.41484,2186
2021-06-02 05:00:00,1.41484,1.41584,1.41252,1.41364,8038
2021-06-02 09:00:00,1.41364,1.41724,1.41116,1.41672,8904
2021-06-02 13:00:00,1.41672,1.41834,1.41544,1.41746,7912
2021-06-02 17:00:00,1.41746,1.41802,1.41631,1.41714,3049
2021-06-02 21:00:00,1.41714,1.41795,1.4168,1.4178,563
2021-06-03 01:00:00,1.4178,1.41784,1.41612,1.4162,1585
2021-06-03 05:00:00,1.4162,1.41878,1.41436,1.41784,7250
2021-06-03 09:00:00,1.41784,1.42032,1.41519,1.41568,12424
2021-06-03 13:00:00,1.41568,1.41588,1.40918,1.4099,13510
2021-06-03 17:00:00,1.4099,1.41101,1.40864,1.41069,3313
2021-06-03 21:00:00,1.41069,1.4112,1.40948,1.41046,1350
2021-06-04 01:00:00,1.41046,1.41108,1.40907,1.4095,3042
2021-06-04 05:00:00,1.4095,1.41316,1.4083,1.41274,7492
2021-06-04 09:00:00,1.41274,1.41859,1.41156,1.41788,12518
2021-06-04 13:00:00,1.41788,1.42006,1.41613,1.41638,10560
2021-06-04 17:00:00,1.41638,1.41679,1.41531,1.41596,2449
2021-06-06 21:00:00,1.41596,1.41702,1.41461,1.41614,1879
2021-06-07 01:00:00,1.41614,1.41618,1.4139,1.41466,2845
2021-06-07 05:00:00,1.41466,1.41472,1.41114,1.4142,6290
2021-06-07 09:00:00,1.4142,1.41808,1.4126,1.41754,6519
2021-06-07 13:00:00,1.41754,1.41852,1.41626,1.41803,7401
2021-06-07 17:00:00,1.41803,1.41908,1.41761,1.4179,1528
2021-06-07 21:00:00,1.4179,1.41846,1.41662,1.41708,998
2021-06-08 01:00:00,1.41708,1.41772,1.41562,1.41574,2341
2021-06-08 05:00:00,1.41574,1.41652,1.41286,1.41423,6393
2021-06-08 09:00:00,1.41423,1.41572,1.41312,1.41444,7291
2021-06-08 13:00:00,1.41444,1.41588,1.41208,1.41481,8408
2021-06-08 17:00:00,1.41481,1.41644,1.41464,1.41541,2285
2021-06-08 21:00:00,1.41541,1.416,1.41453,1.41598,1041
2021-06-09 01:00:00,1.41598,1.41686,1.41519,1.4152,1885
2021-06-09 05:00:00,1.4152,1.41892,1.41512,1.41854,5578
2021-06-09 09:00:00,1.41854,1.41864,1.41318,1.41345,5430
2021-06-09 13:00:00,1.41345,1.416,1.41121,1.41134,7017
2021-06-09 17:00:00,1.41134,1.41195,1.411,1.41178,1924
2021-06-09 21:00:00,1.41178,1.41178,1.41093,1.41106,692
2021-06-10 01:00:00,1.41106,1.4125,1.41051,1.41078,1793
2021-06-10 05:00:00,1.41078,1.41166,1.40734,1.40883,6799
2021-06-10 09:00:00,1.40883,1.41504,1.40852,1.41482,14645
2021-06-10 13:00:00,1.41482,1.41718,1.41205,1.41656,12724
2021-06-10 17:00:00,1.41656,1.41782,1.41626,1.41764,2691
2021-06-10 21:00:00,1.41764,1.41786,1.4166,1.41717,1012
2021-06-11 01:00:00,1.41717,1.41844,1.41684,1.4182,1588
2021-06-11 05:00:00,1.4182,1.41854,1.41526,1.4156,6284
2021-06-11 09:00:00,1.4156,1.41657,1.41398,1.41404,7560
2021-06-11 13:00:00,1.41404,1.41504,1.41026,1.41057,8266
2021-06-11 17:00:00,1.41057,1.41187,1.40959,1.41073,2615
2021-06-13 21:00:00,1.41073,1.41271,1.41061,1.41082,1560
2021-06-14 01:00:00,1.41082,1.41184,1.41052,1.41128,1579
2021-06-14 05:00:00,1.41128,1.41167,1.40702,1.40836,6277
2021-06-14 09:00:00,1.40836,1.4118,1.4079,1.41092,5953
2021-06-14 13:00:00,1.41092,1.4124,1.41073,1.41126,6474
2021-06-14 17:00:00,1.41126,1.41152,1.41043,1.41118,2273
2021-06-14 21:00:00,1.41118,1.41168,1.41046,1.4112,1042
2021-06-15 01:00:00,1.4112,1.41152,1.40991,1.41138,1976
2021-06-15 05:00:00,1.41138,1.41287,1.4086,1.40869,6015
2021-06-15 09:00:00,1.40869,1.40882,1.40344,1.40684,7806
2021-06-15 13:00:00,1.40684,1.40948,1.40667,1.40784,8550
2021-06-15 17:00:00,1.40784,1.4086,1.40764,1.40843,2538
2021-06-15 21:00:00,1.40843,1.40868,1.40785,1.40787,738
2021-06-16 01:00:00,1.40787,1.40897,1.40766,1.40881,1668
2021-06-16 05:00:00,1.40881,1.41234,1.40846,1.41036,6567
2021-06-16 09:00:00,1.41036,1.41326,1.40988,1.41116,5316
2021-06-16 13:00:00,1.41116,1.41208,1.40988,1.41027,6123
2021-06-16 17:00:00,1.41027,1.41052,1.39827,1.39869,24037
2021-06-16 21:00:00,1.39869,1.4003,1.39712,1.3976,2454
2021-06-17 01:00:00,1.3976,1.40034,1.39756,1.39988,3248
2021-06-17 05:00:00,1.39988,1.40088,1.39664,1.39768,11099
2021-06-17 09:00:00,1.39768,1.39842,1.39227,1.39278,11130
2021-06-17 13:00:00,1.39278,1.39624,1.38959,1.38963,12767
2021-06-17 17:00:00,1.38963,1.39354,1.3896,1.39249,5127
2021-06-17 21:00:00,1.39249,1.39424,1.39139,1.39338,1637
2021-06-18 01:00:00,1.39338,1.39448,1.39101,1.39107,2731
2021-06-18 05:00:00,1.39107,1.39129,1.38551,1.38793,10494
2021-06-18 09:00:00,1.38793,1.39106,1.38477,1.3849,11779
2021-06-18 13:00:00,1.3849,1.38618,1.37952,1.38184,16786
2021-06-18 17:00:00,1.38184,1.38331,1.37922,1.38047,5953
2021-06-20 21:00:00,1.38047,1.3829,1.37993,1.38282,2420
2021-06-21 01:00:00,1.38282,1.38292,1.37865,1.38005,5425
2021-06-21 05:00:00,1.38005,1.38454,1.37915,1.38415,10870
2021-06-21 09:00:00,1.38415,1.38877,1.38384,1.38744,9191
2021-06-21 13:00:00,1.38744,1.39324,1.38715,1.39282,9716
2021-06-21 17:00:00,1.39282,1.3937,1.39241,1.39337,3729
2021-06-21 21:00:00,1.39337,1.39381,1.39085,1.39136,1114
2021-06-22 01:00:00,1.39136,1.39206,1.39011,1.39106,2242
2021-06-22 05:00:00,1.39106,1.39111,1.38664,1.38675,8981
2021-06-22 09:00:00,1.38675,1.39088,1.38604,1.38846,7432
2021-06-22 13:00:00,1.38846,1.39418,1.38802,1.39391,9147
2021-06-22 17:00:00,1.39391,1.39638,1.39362,1.39493,4049
2021-06-22 21:00:00,1.39493,1.39563,1.39333,1.39401,1636
2021-06-23 01:00:00,1.39401,1.39432,1.3924,1.39312,2649
2021-06-23 05:00:00,1.39312,1.39879,1.39246,1.39697,8662
2021-06-23 09:00:00,1.39697,1.39932,1.3953,1.3981,7919
2021-06-23 13:00:00,1.3981,1.40015,1.39582,1.39634,8406
2021-06-23 17:00:00,1.39634,1.39718,1.39519,1.39626,3142
2021-06-23 21:00:00,1.39626,1.39714,1.39586,1.39628,1358
2021-06-24 01:00:00,1.39628,1.39668,1.39514,1.39598,2103
2021-06-24 05:00:00,1.39598,1.39867,1.39488,1.39706,7698
2021-06-24 09:00:00,1.39706,1.39822,1.38905,1.39276,13892
2021-06-24 13:00:00,1.39276,1.39303,1.38896,1.3916,8625
2021-06-24 17:00:00,1.3916,1.39392,1.39152,1.3923,4311
2021-06-24 21:00:00,1.3923,1.39285,1.3913,1.39162,924
2021-06-25 01:00:00,1.39162,1.39354,1.39162,1.39236,2003
2021-06-25 05:00:00,1.39236,1.39325,1.3896,1.39111,6290
2021-06-25 09:00:00,1.39111,1.39164,1.3891,1.39046,7321
2021-06-25 13:00:00,1.39046,1.39312,1.38944,1.39022,8250
2021-06-25 17:00:00,1.39022,1.39032,1.38713,1.38848,2460
2021-06-27 21:00:00,1.38848,1.38999,1.38784,1.38912,1453
2021-06-28 01:00:00,1.38912,1.3893,1.38765,1.3891,2395
2021-06-28 05:00:00,1.3891,1.39398,1.38897,1.39254,6725
2021-06-28 09:00:00,1.39254,1.39286,1.38863,1.39017,5983
2021-06-28 13:00:00,1.39017,1.39266,1.38806,1.38836,8083
2021-06-28 17:00:00,1.38836,1.38882,1.38709,1.38804,2122
2021-06-28 21:00:00,1.38804,1.38842,1.38596,1.38636,1057
2021-06-29 01:00:00,1.38636,1.38712,1.38588,1.38646,1953
2021-06-29 05:00:00,1.38646,1.38798,1.38366,1.38369,5474
2021-06-29 09:00:00,1.38369,1.38648,1.3814,1.38238,8372
2021-06-29 13:00:00,1.38238,1.38523,1.38154,1.38412,8440
2021-06-29 17:00:00,1.38412,1.38534,1.38353,1.38403,2238
2021-06-29 21:00:00,1.38403,1.38548,1.38384,1.38533,1213
2021-06-30 01:00:00,1.38533,1.38608,1.38436,1.38492,2077
2021-06-30 05:00:00,1.38492,1.38562,1.3815,1.38347,7233
2021-06-30 09:00:00,1.38347,1.38732,1.38312,1.38429,8483
2021-06-30 13:00:00,1.38429,1.38449,1.38,1.38004,9124
2021-06-30 17:00:00,1.38004,1.38379,1.37984,1.3831,3608
2021-06-30 21:00:00,1.3831,1.38372,1.38118,1.38122,1287
2021-07-01 01:00:00,1.38122,1.38222,1.3811,1.38176,1779
2021-07-01 05:00:00,1.38176,1.38346,1.37743,1.37802,7660
2021-07-01 09:00:00,1.37802,1.38177,1.3765,1.38108,8984
2021-07-01 13:00:00,1.38108,1.38208,1.37614,1.3766,10298
2021-07-01 17:00:00,1.3766,1.37714,1.37526,1.37661,2466
2021-07-01 21:00:00,1.37661,1.37728,1.37522,1.37608,1374
2021-07-02 01:00:00,1.37608,1.37766,1.37576,1.37708,2306
2021-07-02 05:00:00,1.37708,1.37739,1.37442,1.37548,6097
2021-07-02 09:00:00,1.37548,1.37872,1.37316,1.37804,11632
2021-07-02 13:00:00,1.37804,1.38052,1.37595,1.38042,11797
2021-07-02 17:00:00,1.38042,1.38449,1.37992,1.38273,3686
2021-07-04 21:00:00,1.38273,1.3839,1.38171,1.38228,1390
2021-07-05 01:00:00,1.38228,1.38298,1.38186,1.38244,1646
2021-07-05 05:00:00,1.38244,1.3858,1.38185,1.38504,4973
2021-07-05 09:00:00,1.38504,1.3862,1.38441,1.38458,4391
2021-07-05 13:00:00,1.38458,1.38591,1.38378,1.38568,3499
2021-07-05 17:00:00,1.38568,1.38572,1.38432,1.38432,3559
2021-07-05 21:00:00,1.38432,1.3861,1.38408,1.3858,1268
2021-07-06 01:00:00,1.3858,1.3889,1.38564,1.38811,2746
2021-07-06 05:00:00,1.38811,1.38987,1.38508,1.38562,8811
2021-07-06 09:00:00,1.38562,1.38749,1.38347,1.38609,7892
2021-07-06 13:00:00,1.38609,1.38636,1.3773,1.37796,15392
2021-07-06 17:00:00,1.37796,1.38082,1.37776,1.37994,3101
2021-07-06 21:00:00,1.37994,1.38096,1.37898,1.3797,1873
2021-07-07 01:00:00,1.3797,1.38058,1.37924,1.3802,2754
2021-07-07 05:00:00,1.3802,1.38154,1.37778,1.37796,7649
2021-07-07 09:00:00,1.37796,1.38419,1.37791,1.38218,8059
2021-07-07 13:00:00,1.38218,1.38239,1.3754,1.37968,11686
2021-07-07 17:00:00,1.37968,1.38178,1.37893,1.3802,8241
2021-07-07 21:00:00,1.3802,1.38058,1.3789,1.379,1082
2021-07-08 01:00:00,1.379,1.37944,1.37746,1.37861,2966
2021-07-08 05:00:00,1.37861,1.37948,1.37601,1.37856,12946
2021-07-08 09:00:00,1.37856,1.37943,1.3742,1.37615,13348
2021-07-08 13:00:00,1.37615,1.37974,1.37546,1.3773,13251
2021-07-08 17:00:00,1.3773,1.37924,1.37617,1.37864,4392
2021-07-08 21:00:00,1.37864,1.37948,1.37735,1.37878,1618
2021-07-09 01:00:00,1.37878,1.37888,1.37669,1.37748,4065
2021-07-09 05:00:00,1.37748,1.37926,1.37554,1.37776,10465
2021-07-09 09:00:00,1.37776,1.38416,1.37711,1.38402,10401
2021-07-09 13:00:00,1.38402,1.38767,1.38238,1.38584,10508
2021-07-09 17:00:00,1.38584,1.3908,1.38574,1.38988,4121
2021-07-11 21:00:00,1.38988,1.39016,1.3887,1.39006,2625
2021-07-12 01:00:00,1.39006,1.39104,1.38832,1.38919,2755
2021-07-12 05:00:00,1.38919,1.38942,1.38558,1.386,5801
2021-07-12 09:00:00,1.386,1.3873,1.38389,1.38467,8015
2021-07-12 13:00:00,1.38467,1.39055,1.384,1.38816,8547
2021-07-12 17:00:00,1.38816,1.3887,1.38722,1.3886,1907
2021-07-12 21:00:00,1.3886,1.38952,1.38801,1.38928,1024
2021-07-13 01:00:00,1.38928,1.39052,1.38833,1.3893,2116
2021-07-13 05:00:00,1.3893,1.38936,1.38512,1.38609,5716
2021-07-13 09:00:00,1.38609,1.38626,1.38001,1.38066,10073
2021-07-13 13:00:00,1.38066,1.38564,1.38018,1.3842,11595
2021-07-13 17:00:00,1.3842,1.3842,1.3809,1.38139,3366
2021-07-13 21:00:00,1.38139,1.38207,1.38016,1.38066,1389
2021-07-14 01:00:00,1.38066,1.38244,1.38062,1.38206,2745
2021-07-14 05:00:00,1.38206,1.3862,1.38194,1.38462,7596
2021-07-14 09:00:00,1.38462,1.38922,1.38349,1.38853,9169
2021-07-14 13:00:00,1.38853,1.38919,1.38486,1.3854,10249
2021-07-14 17:00:00,1.3854,1.38674,1.38506,1.38609,3232
2021-07-14 21:00:00,1.38609,1.38644,1.38353,1.38413,1626
2021-07-15 01:00:00,1.38413,1.38431,1.38218,1.3836,2952
2021-07-15 05:00:00,1.3836,1.38669,1.38133,1.38448,7887
2021-07-15 09:00:00,1.38448,1.38991,1.38302,1.38448,12906
2021-07-15 13:00:00,1.38448,1.3867,1.38236,1.38258,10147
2021-07-15 17:00:00,1.38258,1.38319,1.38049,1.38279,4329
2021-07-15 21:00:00,1.38279,1.3836,1.38239,1.38314,1320
2021-07-16 01:00:00,1.38314,1.38408,1.38242,1.38372,2863
2021-07-16 05:00:00,1.38372,1.38622,1.37914,1.38592,7980
2021-07-16 09:00:00,1.38592,1.38592,1.37998,1.38087,7736
2021-07-16 13:00:00,1.38087,1.38218,1.37726,1.37782,9823
2021-07-16 17:00:00,1.37782,1.3785,1.37607,1.37653,2952
2021-07-18 21:00:00,1.37653,1.37778,1.37486,1.37504,1604
2021-07-19 01:00:00,1.37504,1.37616,1.37472,1.37556,2890
2021-07-19 05:00:00,1.37556,1.37616,1.37021,1.37119,9411
2021-07-19 09:00:00,1.37119,1.37456,1.36884,1.37036,13287
2021-07-19 13:00:00,1.37036,1.37254,1.36624,1.367,16729
2021-07-19 17:00:00,1.367,1.36802,1.36547,1.36747,5720
2021-07-19 21:00:00,1.36747,1.36797,1.36663,1.36691,1183
2021-07-20 01:00:00,1.36691,1.36896,1.3661,1.36708,3151
2021-07-20 05:00:00,1.36708,1.36724,1.36272,1.36652,10290
2021-07-20 09:00:00,1.36652,1.3677,1.35874,1.35936,11368
2021-07-20 13:00:00,1.35936,1.36315,1.3572,1.36299,13002
2021-07-20 17:00:00,1.36299,1.36331,1.36134,1.36264,3284
2021-07-20 21:00:00,1.36264,1.36422,1.36198,1.36341,2163
2021-07-21 01:00:00,1.36341,1.36353,1.3607,1.36146,2061
2021-07-21 05:00:00,1.36146,1.36344,1.35914,1.36286,7715
2021-07-21 09:00:00,1.36286,1.36387,1.35963,1.3636,8743
2021-07-21 13:00:00,1.3636,1.3699,1.3635,1.36984,9189
2021-07-21 17:00:00,1.36984,1.37234,1.36977,1.37161,3231
2021-07-21 21:00:00,1.37161,1.37167,1.3698,1.36986,1071
2021-07-22 01:00:00,1.36986,1.37194,1.36904,1.3716,2105
2021-07-22 05:00:00,1.3716,1.37581,1.37112,1.37322,8220
2021-07-22 09:00:00,1.37322,1.37806,1.3725,1.37686,11525
2021-07-22 13:00:00,1.37686,1.37872,1.374,1.3766,10695
2021-07-22 17:00:00,1.3766,1.3779,1.37624,1.37683,2784
2021-07-22 21:00:00,1.37683,1.37804,1.3758,1.3774,963
2021-07-23 01:00:00,1.3774,1.37764,1.37564,1.37578,1777
2021-07-23 05:00:00,1.37578,1.37664,1.37242,1.37313,7407
2021-07-23 09:00:00,1.37313,1.37681,1.37201,1.3767,7854
2021-07-23 13:00:00,1.3767,1.37728,1.37443,1.37588,7688
2021-07-23 17:00:00,1.37588,1.37632,1.37439,1.37522,1901
2021-07-25 21:00:00,1.37522,1.37661,1.37406,1.37472,4736
2021-07-26 01:00:00,1.37472,1.37564,1.37416,1.37542,2303
2021-07-26 05:00:00,1.37542,1.3773,1.37372,1.3768,8378
2021-07-26 09:00:00,1.3768,1.38006,1.37641,1.37789,6861
2021-07-26 13:00:00,1.37789,1.38336,1.37771,1.38274,7903
2021-07-26 17:00:00,1.38274,1.38296,1.38108,1.38187,1982
2021-07-26 21:00:00,1.38187,1.38318,1.38169,1.38248,1226
2021-07-27 01:00:00,1.38248,1.38297,1.3819,1.38283,1501
2021-07-27 05:00:00,1.38283,1.38287,1.37669,1.37792,8987
2021-07-27 09:00:00,1.37792,1.38244,1.37738,1.38237,6499
2021-07-27 13:00:00,1.38237,1.38925,1.38042,1.38852,12526
2021-07-27 17:00:00,1.38852,1.38942,1.38759,1.38784,2641
2021-07-27 21:00:00,1.38784,1.38898,1.38742,1.38766,1171
2021-07-28 01:00:00,1.38766,1.389,1.3871,1.3871,1837
2021-07-28 05:00:00,1.3871,1.38951,1.3862,1.38946,6167
2021-07-28 09:00:00,1.38946,1.38948,1.38644,1.38683,6709
2021-07-28 13:00:00,1.38683,1.38894,1.38449,1.38848,7234
2021-07-28 17:00:00,1.38848,1.39116,1.38428,1.39019,14652
2021-07-28 21:00:00,1.39019,1.39086,1.38984,1.39046,1028
2021-07-29 01:00:00,1.39046,1.39318,1.39032,1.39291,2248
2021-07-29 05:00:00,1.39291,1.39702,1.39268,1.3959,5795
2021-07-29 09:00:00,1.3959,1.39732,1.39462,1.39546,5875
2021-07-29 13:00:00,1.39546,1.39819,1.39516,1.39644,6149
2021-07-29 17:00:00,1.39644,1.39709,1.39589,1.3959,1615
2021-07-29 21:00:00,1.3959,1.39713,1.39482,1.39488,1393
2021-07-30 01:00:00,1.39488,1.39566,1.39421,1.39485,1775
2021-07-30 05:00:00,1.39485,1.39798,1.39346,1.39769,4287
2021-07-30 09:00:00,1.39769,1.39835,1.39478,1.3949,5780
2021-07-30 13:00:00,1.3949,1.39607,1.38907,1.38994,9982
2021-07-30 17:00:00,1.38994,1.39132,1.38883,1.39038,3321
2021-08-01 21:00:00,1.39038,1.39054,1.38924,1.39008,1252
2021-08-02 01:00:00,1.39008,1.39038,1.38863,1.38991,1788
2021-08-02 05:00:00,1.38991,1.39325,1.38962,1.39212,4611
2021-08-02 09:00:00,1.39212,1.39246,1.38844,1.38902,4239
2021-08-02 13:00:00,1.38902,1.39188,1.38758,1.38953,8764
2021-08-02 17:00:00,1.38953,1.38954,1.38794,1.38832,2367
2021-08-02 21:00:00,1.38832,1.39014,1.38791,1.38945,854
2021-08-03 01:00:00,1.38945,1.39047,1.38869,1.38954,2603
2021-08-03 05:00:00,1.38954,1.39254,1.38884,1.39132,4497
2021-08-03 09:00:00,1.39132,1.39388,1.39068,1.3922,4745
2021-08-03 13:00:00,1.3922,1.39248,1.38827,1.39171,8373
2021-08-03 17:00:00,1.39171,1.39192,1.39078,1.39158,1685
2021-08-03 21:00:00,1.39158,1.3918,1.39004,1.39032,1080
2021-08-04 01:00:00,1.39032,1.39333,1.39032,1.39269,1494
2021-08-04 05:00:00,1.39269,1.39473,1.39182,1.3932,3813
2021-08-04 09:00:00,1.3932,1.39422,1.3919,1.39392,4692
2021-08-04 13:00:00,1.39392,1.39578,1.38932,1.3898,8864
2021-08-04 17:00:00,1.3898,1.39059,1.38856,1.38889,1862
2021-08-04 21:00:00,1.38889,1.3898,1.38854,1.38876,827
2021-08-05 01:00:00,1.38876,1.38946,1.38779,1.38908,1327
2021-08-05 05:00:00,1.38908,1.39248,1.38723,1.39154,5003
2021-08-05 09:00:00,1.39154,1.39466,1.39023,1.39058,10695
2021-08-05 13:00:00,1.39058,1.39491,1.38993,1.39314,7652
2021-08-05 17:00:00,1.39314,1.39384,1.39258,1.393,2074
2021-08-05 21:00:00,1.393,1.39344,1.39168,1.39192,674
2021-08-06 01:00:00,1.39192,1.39234,1.39152,1.39212,987
2021-08-06 05:00:00,1.39212,1.39332,1.39102,1.39181,3630
2021-08-06 09:00:00,1.39181,1.39304,1.38962,1.39025,7772
2021-08-06 13:00:00,1.39025,1.39074,1.38613,1.38659,7027
2021-08-06 17:00:00,1.38659,1.38818,1.38651,1.38729,2609
2021-08-08 21:00:00,1.38729,1.38825,1.38552,1.38608,8685
2021-08-09 01:00:00,1.38608,1.38708,1.38564,1.38704,1690
2021-08-09 05:00:00,1.38704,1.38905,1.38504,1.38576,4269
2021-08-09 09:00:00,1.38576,1.38946,1.3856,1.38834,5260
2021-08-09 13:00:00,1.38834,1.38894,1.38409,1.38476,6062
2021-08-09 17:00:00,1.38476,1.38586,1.3845,1.38468,1687
2021-08-09 21:00:00,1.38468,1.38555,1.38429,1.38508,778
2021-08-10 01:00:00,1.38508,1.38516,1.38362,1.38446,1334
2021-08-10 05:00:00,1.38446,1.38725,1.38402,1.38646,4640
2021-08-10 09:00:00,1.38646,1.38658,1.38517,1.38524,4674
2021-08-10 13:00:00,1.38524,1.38688,1.38276,1.38328,7307
2021-08-10 17:00:00,1.38328,1.38449,1.38312,1.38444,1774
2021-08-10 21:00:00,1.38444,1.3846,1.38197,1.38238,1004
2021-08-11 01:00:00,1.38238,1.38336,1.382,1.38288,1318
2021-08-11 05:00:00,1.38288,1.38333,1.38074,1.38092,3703
2021-08-11 09:00:00,1.38092,1.38762,1.38029,1.38604,7145
2021-08-11 13:00:00,1.38604,1.38796,1.3847,1.38792,7504
2021-08-11 17:00:00,1.38792,1.3888,1.38639,1.38663,2418
2021-08-11 21:00:00,1.38663,1.38738,1.38642,1.3871,842
2021-08-12 01:00:00,1.3871,1.38753,1.38643,1.38684,1285
2021-08-12 05:00:00,1.38684,1.38788,1.38557,1.3863,3631
2021-08-12 09:00:00,1.3863,1.38658,1.38372,1.3847,4401
2021-08-12 13:00:00,1.3847,1.38475,1.38165,1.38165,5038
2021-08-12 17:00:00,1.38165,1.38178,1.37951,1.3808,3227
2021-08-12 21:00:00,1.3808,1.38181,1.38068,1.38105,714
2021-08-13 01:00:00,1.38105,1.3817,1.38041,1.3814,926
2021-08-13 05:00:00,1.3814,1.38148,1.37908,1.38002,2756
2021-08-13 09:00:00,1.38002,1.38342,1.37919,1.38301,3799
2021-08-13 13:00:00,1.38301,1.3871,1.38301,1.38668,5486
2021-08-13 17:00:00,1.38668,1.3875,1.38632,1.38692,2010
2021-08-15 21:00:00,1.38692,1.38736,1.38569,1.3858,1329
2021-08-16 01:00:00,1.3858,1.38672,1.38516,1.38562,1088
2021-08-16 05:00:00,1.38562,1.38681,1.38387,1.38608,3775
2021-08-16 09:00:00,1.38608,1.38786,1.38488,1.3865,4922
2021-08-16 13:00:00,1.3865,1.38725,1.38278,1.38458,7232
2021-08-16 17:00:00,1.38458,1.3846,1.38361,1.38439,1428
2021-08-16 21:00:00,1.38439,1.38459,1.38338,1.38352,787
2021-08-17 01:00:00,1.38352,1.3837,1.38149,1.3819,1826
2021-08-17 05:00:00,1.3819,1.38302,1.37882,1.38096,6176
2021-08-17 09:00:00,1.38096,1.38122,1.3767,1.37736,6019
2021-08-17 13:00:00,1.37736,1.37763,1.37263,1.3727,7699
2021-08-17 17:00:00,1.3727,1.3747,1.37268,1.37429,2854
2021-08-17 21:00:00,1.37429,1.37435,1.37277,1.37416,894
2021-08-18 01:00:00,1.37416,1.37591,1.37392,1.37427,1964
2021-08-18 05:00:00,1.37427,1.37634,1.37316,1.37576,4087
2021-08-18 09:00:00,1.37576,1.37694,1.37474,1.37668,4295
2021-08-18 13:00:00,1.37668,1.37709,1.37451,1.3749,5778
2021-08-18 17:00:00,1.3749,1.37863,1.37471,1.37541,7116
2021-08-18 21:00:00,1.37541,1.37584,1.37329,1.37338,1439
2021-08-19 01:00:00,1.37338,1.37393,1.37119,1.37212,2231
2021-08-19 05:00:00,1.37212,1.37222,1.36744,1.3677,7847
2021-08-19 09:00:00,1.3677,1.36993,1.36654,1.36811,6922
2021-08-19 13:00:00,1.36811,1.36943,1.36528,1.36536,8386
2021-08-19 17:00:00,1.36536,1.36538,1.36322,1.36374,3429
2021-08-19 21:00:00,1.36374,1.36449,1.3628,1.36406,1250
2021-08-20 01:00:00,1.36406,1.3641,1.36182,1.36335,2098
2021-08-20 05:00:00,1.36335,1.36348,1.36091,1.36219,6717
2021-08-20 09:00:00,1.36219,1.36228,1.3605,1.36052,4650
2021-08-20 13:00:00,1.36052,1.36362,1.36024,1.3628,6719
2021-08-20 17:00:00,1.3628,1.36294,1.36188,1.3622,2422
2021-08-22 21:00:00,1.3622,1.36446,1.36125,1.36416,32925
2021-08-23 01:00:00,1.36416,1.3655,1.36404,1.36488,2463
2021-08-23 05:00:00,1.36488,1.36622,1.36325,1.36538,5589
2021-08-23 09:00:00,1.36538,1.36996,1.36517,1.36966,4913
2021-08-23 13:00:00,1.36966,1.37248,1.36861,1.37218,6332
2021-08-23 17:00:00,1.37218,1.37324,1.37199,1.3724,1491
2021-08-23 21:00:00,1.3724,1.37272,1.3716,1.3716,747
2021-08-24 01:00:00,1.3716,1.37262,1.37108,1.3726,947
2021-08-24 05:00:00,1.3726,1.37479,1.36937,1.37084,5554
2021-08-24 09:00:00,1.37084,1.37326,1.3704,1.37122,5563
2021-08-24 13:00:00,1.37122,1.37475,1.37086,1.3722,6557
2021-08-24 17:00:00,1.3722,1.37319,1.37207,1.37291,1326
2021-08-24 21:00:00,1.37291,1.37346,1.3718,1.372,891
2021-08-25 01:00:00,1.372,1.37236,1.37138,1.3718,1530
2021-08-25 05:00:00,1.3718,1.37433,1.37067,1.37296,4270
2021-08-25 09:00:00,1.37296,1.37334,1.36968,1.37036,4215
2021-08-25 13:00:00,1.37036,1.374,1.36998,1.3738,6551
2021-08-25 17:00:00,1.3738,1.37672,1.37352,1.37642,2332
2021-08-25 21:00:00,1.37642,1.37681,1.37505,1.37608,971
2021-08-26 01:00:00,1.37608,1.37608,1.37497,1.37562,1358
2021-08-26 05:00:00,1.37562,1.37584,1.37311,1.37352,4544
2021-08-26 09:00:00,1.37352,1.37498,1.37175,1.37192,5796
2021-08-26 13:00:00,1.37192,1.37366,1.37027,1.3703,7996
2021-08-26 17:00:00,1.3703,1.37076,1.36895,1.37001,2211
2021-08-26 21:00:00,1.37001,1.37034,1.36798,1.36826,1006
2021-08-27 01:00:00,1.36826,1.37014,1.36804,1.37014,1358
2021-08-27 05:00:00,1.37014,1.3721,1.3694,1.37024,4376
2021-08-27 09:00:00,1.37024,1.37296,1.3696,1.37246,5025
2021-08-27 13:00:00,1.37246,1.3781,1.37024,1.3778,16412
2021-08-27 17:00:00,1.3778,1.37792,1.37556,1.37621,2183
2021-08-29 21:00:00,1.37621,1.37664,1.3752,1.37632,1495
2021-08-30 01:00:00,1.37632,1.37752,1.37584,1.37702,1601
2021-08-30 05:00:00,1.37702,1.37752,1.37513,1.3763,3423
2021-08-30 09:00:00,1.3763,1.37678,1.374,1.37409,3713
2021-08-30 13:00:00,1.37409,1.37642,1.3734,1.37554,4269
2021-08-30 17:00:00,1.37554,1.3768,1.37544,1.37606,1233
2021-08-30 21:00:00,1.37606,1.37679,1.37541,1.3763,1222
2021-08-31 01:00:00,1.3763,1.37823,1.37581,1.37794,1857
2021-08-31 05:00:00,1.37794,1.38016,1.37694,1.37696,4833
2021-08-31 09:00:00,1.37696,1.37922,1.37595,1.37844,7585
2021-08-31 13:00:00,1.37844,1.3808,1.3743,1.37518,12402
2021-08-31 17:00:00,1.37518,1.37599,1.37473,1.3754,2370
2021-08-31 21:00:00,1.3754,1.37585,1.3736,1.37374,1032
2021-09-01 01:00:00,1.37374,1.37416,1.37312,1.37356,1656
2021-09-01 05:00:00,1.37356,1.37654,1.37314,1.3756,5318
2021-09-01 09:00:00,1.3756,1.37908,1.37442,1.3787,5627
2021-09-01 13:00:00,1.3787,1.37984,1.37742,1.3784,6996
2021-09-01 17:00:00,1.3784,1.37844,1.37671,1.3769,2042
2021-09-01 21:00:00,1.3769,1.37809,1.37672,1.37748,871
2021-09-02 01:00:00,1.37748,1.37804,1.37713,1.37713,973
2021-09-02 05:00:00,1.37713,1.37914,1.37708,1.37864,3508
2021-09-02 09:00:00,1.37864,1.38015,1.37828,1.37864,3856
2021-09-02 13:00:00,1.37864,1.38366,1.37818,1.38322,6467
2021-09-02 17:00:00,1.38322,1.38398,1.38287,1.38332,1927
2021-09-02 21:00:00,1.38332,1.38457,1.38328,1.3844,673
2021-09-03 01:00:00,1.3844,1.38454,1.38318,1.38324,1484
2021-09-03 05:00:00,1.38324,1.38414,1.38245,1.3835,3117
2021-09-03 09:00:00,1.3835,1.38676,1.38179,1.38504,8970
2021-09-03 13:00:00,1.38504,1.3875,1.38381,1.38745,9485
2021-09-03 17:00:00,1.38745,1.3892,1.38484,1.38648,2635
2021-09-05 21:00:00,1.38648,1.38714,1.38516,1.38556,1168
2021-09-06 01:00:00,1.38556,1.38598,1.38432,1.38444,1313
2021-09-06 05:00:00,1.38444,1.38558,1.38364,1.38422,3408
2021-09-06 09:00:00,1.38422,1.38468,1.38314,1.38386,3102
2021-09-06 13:00:00,1.38386,1.38406,1.38189,1.38324,2848
2021-09-06 17:00:00,1.38324,1.38402,1.38284,1.3837,3492
2021-09-06 21:00:00,1.3837,1.38525,1.38296,1.38482,804
2021-09-07 01:00:00,1.38482,1.38568,1.38384,1.38384,1501
2021-09-07 05:00:00,1.38384,1.38498,1.38102,1.38179,5634
2021-09-07 09:00:00,1.38179,1.38246,1.37678,1.37806,7818
2021-09-07 13:00:00,1.37806,1.38002,1.3768,1.37898,6973
2021-09-07 17:00:00,1.37898,1.37963,1.37792,1.37852,2206
2021-09-07 21:00:00,1.37852,1.37884,1.37754,1.37867,799
2021-09-08 01:00:00,1.37867,1.37907,1.37773,1.37793,1336
2021-09-08 05:00:00,1.37793,1.37798,1.37505,1.37635,6594
2021-09-08 09:00:00,1.37635,1.37784,1.37531,1.37657,5436
2021-09-08 13:00:00,1.37657,1.37833,1.37266,1.37712,9784
2021-09-08 17:00:00,1.37712,1.37847,1.37685,1.37712,2386
2021-09-08 21:00:00,1.37712,1.37753,1.37592,1.37613,771
2021-09-09 01:00:00,1.37613,1.37736,1.37534,1.37578,1572
2021-09-09 05:00:00,1.37578,1.38122,1.37556,1.38112,5627
2021-09-09 09:00:00,1.38112,1.38423,1.38053,1.3837,7892
2021-09-09 13:00:00,1.3837,1.38597,1.38251,1.3857,8371
2021-09-09 17:00:00,1.3857,1.38625,1.38334,1.38358,3345
2021-09-09 21:00:00,1.38358,1.38465,1.38328,1.38418,1031
2021-09-10 01:00:00,1.38418,1.38519,1.38331,1.38492,1987
2021-09-10 05:00:00,1.38492,1.38852,1.38402,1.38784,5426
2021-09-10 09:00:00,1.38784,1.38884,1.38638,1.38795,4829
2021-09-10 13:00:00,1.38795,1.38801,1.38417,1.38538,7443
2021-09-10 17:00:00,1.38538,1.3856,1.38264,1.38367,2800
2021-09-12 21:00:00,1.38367,1.38512,1.38311,1.38349,1525
2021-09-13 01:00:00,1.38349,1.38462,1.38222,1.3826,2413
2021-09-13 05:00:00,1.3826,1.3827,1.37972,1.38166,6173
2021-09-13 09:00:00,1.38166,1.38416,1.3814,1.38359,4556
2021-09-13 13:00:00,1.38359,1.38512,1.38138,1.38356,7594
2021-09-13 17:00:00,1.38356,1.38421,1.38266,1.38401,2509
2021-09-13 21:00:00,1.38401,1.38439,1.38345,1.38404,760
2021-09-14 01:00:00,1.38404,1.38504,1.38378,1.38394,2052
2021-09-14 05:00:00,1.38394,1.38826,1.38296,1.38665,6558
2021-09-14 09:00:00,1.38665,1.39068,1.38506,1.39028,8263
2021-09-14 13:00:00,1.39028,1.39132,1.38397,1.38492,8849
2021-09-14 17:00:00,1.38492,1.38501,1.38037,1.3808,3158
2021-09-14 21:00:00,1.3808,1.38128,1.38031,1.38034,1381
2021-09-15 01:00:00,1.38034,1.38099,1.37928,1.3808,1760
2021-09-15 05:00:00,1.3808,1.38429,1.3798,1.3835,6424
2021-09-15 09:00:00,1.3835,1.38355,1.3813,1.38231,6197
2021-09-15 13:00:00,1.38231,1.38539,1.38175,1.38272,8910
2021-09-15 17:00:00,1.38272,1.38464,1.38254,1.3841,1896
2021-09-15 21:00:00,1.3841,1.38528,1.38332,1.38486,1038
2021-09-16 01:00:00,1.38486,1.38488,1.38324,1.38344,1648
2021-09-16 05:00:00,1.38344,1.3838,1.38122,1.38226,5842
2021-09-16 09:00:00,1.38226,1.38415,1.38004,1.38069,7140
2021-09-16 13:00:00,1.38069,1.38069,1.37646,1.3783,7607
2021-09-16 17:00:00,1.3783,1.38028,1.37748,1.37961,3233
2021-09-16 21:00:00,1.37961,1.38,1.37839,1.37849,1730
2021-09-17 01:00:00,1.37849,1.38071,1.37843,1.38067,1856
2021-09-17 05:00:00,1.38067,1.38129,1.37868,1.37954,5127
2021-09-17 09:00:00,1.37954,1.38074,1.37756,1.37975,6181
2021-09-17 13:00:00,1.37975,1.38056,1.37411,1.37472,9109
2021-09-17 17:00:00,1.37472,1.37552,1.37274,1.37382,3281
2021-09-19 21:00:00,1.37382,1.3752,1.37222,1.37256,1203
2021-09-20 01:00:00,1.37256,1.37256,1.37012,1.37055,2075
2021-09-20 05:00:00,1.37055,1.37156,1.36621,1.36744,7401
2021-09-20 09:00:00,1.36744,1.36998,1.36462,1.36708,7415
2021-09-20 13:00:00,1.36708,1.36854,1.36436,1.36436,9851
2021-09-20 17:00:00,1.36436,1.36664,1.36406,1.36577,4076
2021-09-20 21:00:00,1.36577,1.36654,1.36509,1.36536,1763
2021-09-21 01:00:00,1.36536,1.3675,1.36491,1.36744,2605
2021-09-21 05:00:00,1.36744,1.36924,1.36628,1.36848,7101
2021-09-21 09:00:00,1.36848,1.3693,1.36644,1.36684,6516
2021-09-21 13:00:00,1.36684,1.36732,1.36414,1.36617,11204
2021-09-21 17:00:00,1.36617,1.36745,1.36504,1.36605,4225
2021-09-21 21:00:00,1.36605,1.36656,1.36537,1.36565,1466
2021-09-22 01:00:00,1.36565,1.36781,1.36472,1.36522,3788
2021-09-22 05:00:00,1.36522,1.36606,1.36332,1.36386,5573
2021-09-22 09:00:00,1.36386,1.36505,1.36178,1.36274,5193
2021-09-22 13:00:00,1.36274,1.36691,1.3616,1.36533,7433
2021-09-22 17:00:00,1.36533,1.36899,1.36097,1.36168,22799
2021-09-22 21:00:00,1.36168,1.36375,1.36123,1.36176,1888
2021-09-23 01:00:00,1.36176,1.36466,1.36143,1.36466,2040
2021-09-23 05:00:00,1.36466,1.36736,1.36336,1.36552,7580
2021-09-23 09:00:00,1.36552,1.37258,1.36542,1.37246,14774
2021-09-23 13:00:00,1.37246,1.37508,1.37055,1.3745,9257
2021-09-23 17:00:00,1.3745,1.37466,1.37182,1.372,2809
2021-09-23 21:00:00,1.372,1.37365,1.37136,1.37354,1279
2021-09-24 01:00:00,1.37354,1.37356,1.37168,1.37226,1992
2021-09-24 05:00:00,1.37226,1.37276,1.36977,1.37172,6176
2021-09-24 09:00:00,1.37172,1.37177,1.36614,1.3666,6258
2021-09-24 13:00:00,1.3666,1.36953,1.36576,1.36796,6933
2021-09-24 17:00:00,1.36796,1.36796,1.36594,1.36745,2165
2021-09-26 21:00:00,1.36745,1.36795,1.36614,1.36698,1561
2021-09-27 01:00:00,1.36698,1.36802,1.36644,1.36769,1609
2021-09-27 05:00:00,1.36769,1.37102,1.36582,1.37022,7131
2021-09-27 09:00:00,1.37022,1.37192,1.36809,1.3708,8730
2021-09-27 13:00:00,1.3708,1.37292,1.36914,1.37065,8964
2021-09-27 17:00:00,1.37065,1.3716,1.36992,1.37016,1851
2021-09-27 21:00:00,1.37016,1.37085,1.36904,1.36952,672
2021-09-28 01:00:00,1.36952,1.37144,1.36882,1.37144,1149
2021-09-28 05:00:00,1.37144,1.37175,1.36598,1.36724,7550
2021-09-28 09:00:00,1.36724,1.36766,1.35308,1.35454,13219
2021-09-28 13:00:00,1.35454,1.35618,1.35234,1.35297,14722
2021-09-28 17:00:00,1.35297,1.35461,1.35206,1.35379,4106
2021-09-28 21:00:00,1.35379,1.35459,1.35307,1.35354,1817
2021-09-29 01:00:00,1.35354,1.35494,1.353,1.35494,3111
2021-09-29 05:00:00,1.35494,1.35548,1.35002,1.35024,9723
2021-09-29 09:00:00,1.35024,1.35296,1.3455,1.34631,8882
2021-09-29 13:00:00,1.34631,1.3469,1.34118,1.34246,12431
2021-09-29 17:00:00,1.34246,1.34415,1.3413,1.34282,3710
2021-09-29 21:00:00,1.34282,1.34416,1.34249,1.34414,1277
2021-09-30 01:00:00,1.34414,1.34598,1.34366,1.34485,2169
2021-09-30 05:00:00,1.34485,1.34578,1.34157,1.34387,7105
2021-09-30 09:00:00,1.34387,1.34803,1.34326,1.34737,7350
2021-09-30 13:00:00,1.34737,1.35175,1.34474,1.34613,14648
2021-09-30 17:00:00,1.34613,1.34848,1.34502,1.34747,4717
2021-09-30 21:00:00,1.34747,1.34808,1.34542,1.34542,1493
2021-10-01 01:00:00,1.34542,1.34628,1.34447,1.34591,3699
2021-10-01 05:00:00,1.34591,1.3482,1.34338,1.3474,11383
2021-10-01 09:00:00,1.3474,1.3547,1.34736,1.35428,10461
2021-10-01 13:00:00,1.35428,1.35758,1.35351,1.35612,14123
2021-10-01 17:00:00,1.35612,1.3566,1.35431,1.35446,2776
2021-10-03 21:00:00,1.35446,1.3577,1.35431,1.35581,1914
2021-10-04 01:00:00,1.35581,1.35585,1.35338,1.3548,2219
2021-10-04 05:00:00,1.3548,1.35682,1.3532,1.35597,8718
2021-10-04 09:00:00,1.35597,1.36111,1.35576,1.36055,9087
2021-10-04 13:00:00,1.36055,1.36405,1.35948,1.36077,10962
2021-10-04 17:00:00,1.36077,1.36184,1.36035,1.36094,3538
2021-10-04 21:00:00,1.36094,1.36142,1.35936,1.35954,1778
2021-10-05 01:00:00,1.35954,1.36066,1.35846,1.35896,2790
2021-10-05 05:00:00,1.35896,1.3627,1.35852,1.36202,8417
2021-10-05 09:00:00,1.36202,1.3643,1.36131,1.36228,6881
2021-10-05 13:00:00,1.36228,1.3648,1.35997,1.36416,10799
2021-10-05 17:00:00,1.36416,1.36448,1.36209,1.36289,2479
2021-10-05 21:00:00,1.36289,1.36341,1.36226,1.36242,1196
2021-10-06 01:00:00,1.36242,1.36296,1.35993,1.36055,2673
2021-10-06 05:00:00,1.36055,1.36152,1.355,1.35514,9595
2021-10-06 09:00:00,1.35514,1.35906,1.35441,1.35833,10218
2021-10-06 13:00:00,1.35833,1.3591,1.35502,1.35544,12124
2021-10-06 17:00:00,1.35544,1.35918,1.35538,1.35812,4592
2021-10-06 21:00:00,1.35812,1.35978,1.35801,1.35938,1351
2021-10-07 01:00:00,1.35938,1.35954,1.35772,1.3582,1367
2021-10-07 05:00:00,1.3582,1.36052,1.35706,1.35874,7796
2021-10-07 09:00:00,1.35874,1.3618,1.3581,1.35952,7822
2021-10-07 13:00:00,1.35952,1.36384,1.35854,1.36218,8209
2021-10-07 17:00:00,1.36218,1.36249,1.36124,1.36143,2548
2021-10-07 21:00:00,1.36143,1.36232,1.36107,1.36187,1222
2021-10-08 01:00:00,1.36187,1.3621,1.36021,1.36024,2023
2021-10-08 05:00:00,1.36024,1.36079,1.35836,1.36002,5898
2021-10-08 09:00:00,1.36002,1.3659,1.35978,1.36406,9119
2021-10-08 13:00:00,1.36406,1.36488,1.3611,1.36171,11640
2021-10-08 17:00:00,1.36171,1.36258,1.36098,1.36163,2300
2021-10-10 21:00:00,1.36163,1.36424,1.3612,1.36388,1704
2021-10-11 01:00:00,1.36388,1.3656,1.36345,1.36402,2184
2021-10-11 05:00:00,1.36402,1.36738,1.36318,1.36476,8273
2021-10-11 09:00:00,1.36476,1.36481,1.36111,1.36203,6341
2021-10-11 13:00:00,1.36203,1.36512,1.36094,1.36104,5688
2021-10-11 17:00:00,1.36104,1.3611,1.35846,1.3594,3129
2021-10-11 21:00:00,1.3594,1.35971,1.35822,1.3585,1312
2021-10-12 01:00:00,1.3585,1.36028,1.3581,1.35968,1804
2021-10-12 05:00:00,1.35968,1.36121,1.35685,1.36004,6157
2021-10-12 09:00:00,1.36004,1.36376,1.35958,1.36078,6389
2021-10-12 13:00:00,1.36078,1.36218,1.35694,1.35872,10261
2021-10-12 17:00:00,1.35872,1.35976,1.35768,1.35886,2358
2021-10-12 21:00:00,1.35886,1.35972,1.35758,1.35966,1341
2021-10-13 01:00:00,1.35966,1.36184,1.35955,1.36184,1699
2021-10-13 05:00:00,1.36184,1.36386,1.3602,1.36276,6357
2021-10-13 09:00:00,1.36276,1.36446,1.35876,1.35956,9468
2021-10-13 13:00:00,1.35956,1.36516,1.3594,1.3642,10486
2021-10-13 17:00:00,1.3642,1.3665,1.36318,1.36621,3631
2021-10-13 21:00:00,1.36621,1.367,1.36562,1.36675,743
2021-10-14 01:00:00,1.36675,1.36726,1.36584,1.36645,983
2021-10-14 05:00:00,1.36645,1.37185,1.36613,1.37127,4413
2021-10-14 09:00:00,1.37127,1.37344,1.37,1.37161,6528
2021-10-14 13:00:00,1.37161,1.37194,1.36755,1.36854,7315
2021-10-14 17:00:00,1.36854,1.36876,1.36676,1.36727,2493
2021-10-14 21:00:00,1.36727,1.36772,1.36678,1.3677,906
2021-10-15 01:00:00,1.3677,1.36893,1.36707,1.36863,1533
2021-10-15 05:00:00,1.36863,1.37392,1.36748,1.37216,6619
2021-10-15 09:00:00,1.37216,1.3758,1.37177,1.37341,7191
2021-10-15 13:00:00,1.37341,1.37734,1.3733,1.37582,8230
2021-10-15 17:00:00,1.37582,1.3762,1.37399,1.37491,3010
2021-10-17 21:00:00,1.37491,1.37656,1.37424,1.37434,3288
2021-10-18 01:00:00,1.37434,1.37464,1.37276,1.37306,1542
2021-10-18 05:00:00,1.37306,1.37474,1.37167,1.37199,6236
2021-10-18 09:00:00,1.37199,1.37459,1.37189,1.37329,7000
2021-10-18 13:00:00,1.37329,1.37397,1.37091,1.3733,7168
2021-10-18 17:00:00,1.3733,1.374,1.37264,1.37279,1960
2021-10-18 21:00:00,1.37279,1.37518,1.37236,1.37518,988
2021-10-19 01:00:00,1.37518,1.37746,1.37476,1.37696,2132
2021-10-19 05:00:00,1.37696,1.3795,1.37684,1.37939,5627
2021-10-19 09:00:00,1.37939,1.38338,1.37878,1.38134,6610
2021-10-19 13:00:00,1.38134,1.3819,1.37918,1.37967,7069
2021-10-19 17:00:00,1.37967,1.38128,1.37888,1.37944,2133
2021-10-19 21:00:00,1.37944,1.38074,1.37883,1.3799,1215
2021-10-20 01:00:00,1.3799,1.38152,1.37914,1.38081,2177
2021-10-20 05:00:00,1.38081,1.381,1.37686,1.37787,6167
2021-10-20 09:00:00,1.37787,1.37862,1.37426,1.3782,5675
2021-10-20 13:00:00,1.3782,1.38307,1.37751,1.38296,6906
2021-10-20 17:00:00,1.38296,1.38344,1.38208,1.38241,2361
2021-10-20 21:00:00,1.38241,1.38281,1.38123,1.38272,1071
2021-10-21 01:00:00,1.38272,1.38332,1.38136,1.38161,2447
2021-10-21 05:00:00,1.38161,1.38203,1.37916,1.38038,5744
2021-10-21 09:00:00,1.38038,1.38162,1.3786,1.38079,5660
2021-10-21 13:00:00,1.38079,1.38246,1.37958,1.37992,7901
2021-10-21 17:00:00,1.37992,1.37992,1.37763,1.37936,2903
2021-10-21 21:00:00,1.37936,1.37981,1.37828,1.37908,1323
2021-10-22 01:00:00,1.37908,1.38097,1.37899,1.37986,2702
2021-10-22 05:00:00,1.37986,1.38112,1.37712,1.381,7930
2021-10-22 09:00:00,1.381,1.38156,1.378,1.37873,6520
2021-10-22 13:00:00,1.37873,1.37928,1.37358,1.3755,13094
2021-10-22 17:00:00,1.3755,1.37639,1.37408,1.37527,3726
2021-10-24 21:00:00,1.37527,1.37762,1.37471,1.3772,1720
2021-10-25 01:00:00,1.3772,1.3785,1.37597,1.37828,2815
2021-10-25 05:00:00,1.37828,1.3792,1.37596,1.37708,7079
2021-10-25 09:00:00,1.37708,1.37762,1.37418,1.37486,7584
2021-10-25 13:00:00,1.37486,1.378,1.37458,1.37592,8985
2021-10-25 17:00:00,1.37592,1.37757,1.37592,1.37685,1947
2021-10-25 21:00:00,1.37685,1.37695,1.3757,1.376,907
2021-10-26 01:00:00,1.376,1.37722,1.37578,1.37614,2094
2021-10-26 05:00:00,1.37614,1.3788,1.3757,1.37848,7000
2021-10-26 09:00:00,1.37848,1.38295,1.378,1.38059,8020
2021-10-26 13:00:00,1.38059,1.3807,1.37588,1.37604,9404
2021-10-26 17:00:00,1.37604,1.37709,1.37586,1.37664,2567
2021-10-26 21:00:00,1.37664,1.37786,1.37628,1.3768,1329
2021-10-27 01:00:00,1.3768,1.37759,1.37657,1.37748,1595
2021-10-27 05:00:00,1.37748,1.3781,1.37222,1.37236,7344
2021-10-27 09:00:00,1.37236,1.37544,1.37106,1.37386,8436
2021-10-27 13:00:00,1.37386,1.37524,1.37096,1.37478,13761
2021-10-27 17:00:00,1.37478,1.37592,1.37322,1.37435,3499
2021-10-27 21:00:00,1.37435,1.37435,1.3724,1.3728,1285
2021-10-28 01:00:00,1.3728,1.37474,1.37222,1.37455,2875
2021-10-28 05:00:00,1.37455,1.37743,1.37355,1.37504,7911
2021-10-28 09:00:00,1.37504,1.37642,1.373,1.3759,11659
2021-10-28 13:00:00,1.3759,1.38152,1.37556,1.3792,15403
2021-10-28 17:00:00,1.3792,1.37971,1.37856,1.37926,4104
2021-10-28 21:00:00,1.37926,1.3804,1.37908,1.37952,1582
2021-10-29 01:00:00,1.37952,1.37992,1.3788,1.3788,2498
2021-10-29 05:00:00,1.3788,1.38019,1.37695,1.37718,6593
2021-10-29 09:00:00,1.37718,1.38006,1.3755,1.3759,9442
2021-10-29 13:00:00,1.3759,1.37758,1.36681,1.3673,15200
2021-10-29 17:00:00,1.3673,1.36986,1.36713,1.36834,3949
2021-10-31 21:00:00,1.36834,1.36896,1.3666,1.36748,2162
2021-11-01 01:00:00,1.36748,1.36859,1.3673,1.36742,2138
2021-11-01 05:00:00,1.36742,1.36878,1.36426,1.36582,6592
2021-11-01 09:00:00,1.36582,1.36899,1.36418,1.36858,7342
2021-11-01 13:00:00,1.36858,1.3693,1.36582,1.36602,8730
2021-11-01 17:00:00,1.36602,1.36676,1.36532,1.36636,2993
2021-11-01 21:00:00,1.36636,1.36731,1.36479,1.36506,1176
2021-11-02 01:00:00,1.36506,1.3662,1.36462,1.36597,2624
2021-11-02 05:00:00,1.36597,1.36676,1.3632,1.3633,7348
2021-11-02 09:00:00,1.3633,1.36616,1.36256,1.36614,8070
2021-11-02 13:00:00,1.36614,1.3664,1.36055,1.36064,8682
2021-11-02 17:00:00,1.36064,1.36255,1.36062,1.36127,2409
2021-11-02 21:00:00,1.36127,1.36227,1.3611,1.36192,1303
2021-11-03 01:00:00,1.36192,1.36337,1.36187,1.36306,1854
2021-11-03 05:00:00,1.36306,1.36348,1.36074,1.36206,4383
2021-11-03 09:00:00,1.36206,1.36646,1.36164,1.36575,6686
2021-11-03 13:00:00,1.36575,1.36666,1.36332,1.36633,7910
2021-11-03 17:00:00,1.36633,1.36923,1.36428,1.3682,18105
2021-11-03 21:00:00,1.3682,1.36982,1.36804,1.36808,1202
2021-11-04 01:00:00,1.36808,1.3683,1.36552,1.36569,1756
2021-11-04 05:00:00,1.36569,1.36706,1.36332,1.36442,5806
2021-11-04 09:00:00,1.36442,1.36524,1.35326,1.35448,15536
2021-11-04 13:00:00,1.35448,1.35636,1.34715,1.34914,13911
2021-11-04 17:00:00,1.34914,1.35044,1.34846,1.35011,3663
2021-11-04 21:00:00,1.35011,1.35082,1.349,1.34984,1248
2021-11-05 01:00:00,1.34984,1.35022,1.34842,1.34959,2346
2021-11-05 05:00:00,1.34959,1.35092,1.34497,1.34511,6060
2021-11-05 09:00:00,1.34511,1.34642,1.34246,1.34464,13098
2021-11-05 13:00:00,1.34464,1.35046,1.34443,1.3504,10460
2021-11-05 17:00:00,1.3504,1.3507,1.34806,1.34972,3096
2021-11-07 22:00:00,1.34972,1.34979,1.34723,1.34731,3433
2021-11-08 02:00:00,1.34731,1.34871,1.3472,1.34868,1718
2021-11-08 06:00:00,1.34868,1.35006,1.34502,1.34897,6368
2021-11-08 10:00:00,1.34897,1.35501,1.34751,1.35419,7215
2021-11-08 14:00:00,1.35419,1.358,1.35306,1.35574,7244
2021-11-08 18:00:00,1.35574,1.35683,1.35504,1.35634,2697
2021-11-08 22:00:00,1.35634,1.35672,1.3548,1.35544,1215
2021-11-09 02:00:00,1.35544,1.35826,1.35542,1.35772,2562
2021-11-09 06:00:00,1.35772,1.36075,1.35572,1.36004,6721
2021-11-09 10:00:00,1.36004,1.36015,1.35452,1.35572,6854
2021-11-09 14:00:00,1.35572,1.35702,1.35242,1.3565,9902
2021-11-09 18:00:00,1.3565,1.35685,1.35536,1.35583,3074
2021-11-09 22:00:00,1.35583,1.3562,1.35468,1.35508,1375
2021-11-10 02:00:00,1.35508,1.3565,1.35464,1.35519,2237
2021-11-10 06:00:00,1.35519,1.35638,1.35182,1.35351,7309
2021-11-10 10:00:00,1.35351,1.35405,1.34808,1.35065,11008
2021-11-10 14:00:00,1.35065,1.35392,1.34547,1.34588,13954
2021-11-10 18:00:00,1.34588,1.34609,1.34017,1.34045,8348
2021-11-10 22:00:00,1.34045,1.34202,1.33986,1.34066,2219
2021-11-11 02:00:00,1.34066,1.3418,1.3393,1.34176,2225
2021-11-11 06:00:00,1.34176,1.34332,1.33642,1.33932,7400
2021-11-11 10:00:00,1.33932,1.34152,1.33838,1.34083,6828
2021-11-11 14:00:00,1.34083,1.34172,1.33692,1.33702,7406
2021-11-11 18:00:00,1.33702,1.33716,1.3359,1.33709,2444
2021-11-11 22:00:00,1.33709,1.33741,1.33552,1.33572,1701
2021-11-12 02:00:00,1.33572,1.33705,1.33534,1.33698,1325
2021-11-12 06:00:00,1.33698,1.34114,1.33633,1.33944,5763
2021-11-12 10:00:00,1.33944,1.34063,1.33822,1.3398,5932
2021-11-12 14:00:00,1.3398,1.34248,1.3379,1.3422,8036
2021-11-12 18:00:00,1.3422,1.34263,1.3402,1.34179,2106
2021-11-14 22:00:00,1.34179,1.34374,1.34114,1.34372,3131
2021-11-15 02:00:00,1.34372,1.344,1.3427,1.34374,1489
2021-11-15 06:00:00,1.34374,1.34398,1.34034,1.34145,5287
2021-11-15 10:00:00,1.34145,1.34438,1.34086,1.34362,5537
2021-11-15 14:00:00,1.34362,1.34498,1.34209,1.34232,8963
2021-11-15 18:00:00,1.34232,1.34365,1.34054,1.34147,2681
2021-11-15 22:00:00,1.34147,1.3428,1.34055,1.34246,1781
2021-11-16 02:00:00,1.34246,1.34386,1.34172,1.34182,1911
2021-11-16 06:00:00,1.34182,1.3473,1.3418,1.34658,8332
2021-11-16 10:00:00,1.34658,1.34664,1.34322,1.34587,7914
2021-11-16 14:00:00,1.34587,1.34587,1.34149,1.34287,10733
2021-11-16 18:00:00,1.34287,1.34433,1.34206,1.34294,3261
2021-11-16 22:00:00,1.34294,1.34366,1.34203,1.34304,1711
2021-11-17 02:00:00,1.34304,1.34342,1.33964,1.34211,3446
2021-11-17 06:00:00,1.34211,1.34742,1.34206,1.34318,10975
2021-11-17 10:00:00,1.34318,1.34827,1.34169,1.34546,7721
2021-11-17 14:00:00,1.34546,1.34944,1.34518,1.34909,8633
2021-11-17 18:00:00,1.34909,1.34962,1.34794,1.34917,3519
2021-11-17 22:00:00,1.34917,1.34968,1.34847,1.34892,1832
2021-11-18 02:00:00,1.34892,1.35038,1.34838,1.34888,2227
2021-11-18 06:00:00,1.34888,1.35136,1.34868,1.34926,7464
2021-11-18 10:00:00,1.34926,1.35006,1.3464,1.34668,8440
2021-11-18 14:00:00,1.34668,1.35008,1.34642,1.34982,9538
2021-11-18 18:00:00,1.34982,1.35052,1.34939,1.34975,1849
2021-11-18 22:00:00,1.34975,1.35041,1.3488,1.34905,1151
2021-11-19 02:00:00,1.34905,1.34913,1.34812,1.3487,1436
2021-11-19 06:00:00,1.3487,1.35098,1.34196,1.3433,11603
2021-11-19 10:00:00,1.3433,1.34572,1.34075,1.34408,14478
2021-11-19 14:00:00,1.34408,1.34752,1.34396,1.34562,13341
2021-11-19 18:00:00,1.34562,1.3459,1.34408,1.3444,3441
2021-11-21 22:00:00,1.3444,1.34486,1.34286,1.34314,1644
2021-11-22 02:00:00,1.34314,1.34467,1.34276,1.34461,2676
2021-11-22 06:00:00,1.34461,1.34493,1.34192,1.34286,9447
2021-11-22 10:00:00,1.34286,1.34499,1.34262,1.34454,8406
2021-11-22 14:00:00,1.34454,1.34454,1.339,1.3394,15357
2021-11-22 18:00:00,1.3394,1.33994,1.33845,1.33954,2883
2021-11-22 22:00:00,1.33954,1.34056,1.33927,1.34,1044
2021-11-23 02:00:00,1.34,1.34012,1.33826,1.33886,1979
2021-11-23 06:00:00,1.33886,1.34098,1.33744,1.33788,12500
2021-11-23 10:00:00,1.33788,1.33866,1.33426,1.33682,10177
2021-11-23 14:00:00,1.33682,1.33884,1.33528,1.33742,11285
2021-11-23 18:00:00,1.33742,1.33852,1.33658,1.33784,3303
2021-11-23 22:00:00,1.33784,1.33822,1.33671,1.33812,1886
2021-11-24 02:00:00,1.33812,1.33834,1.33694,1.338,2195
2021-11-24 06:00:00,1.338,1.33902,1.33521,1.3355,9086
2021-11-24 10:00:00,1.3355,1.3379,1.33402,1.33533,9987
2021-11-24 14:00:00,1.33533,1.33584,1.33192,1.33234,13743
2021-11-24 18:00:00,1.33234,1.33348,1.33158,1.33294,3798
2021-11-24 22:00:00,1.33294,1.33446,1.3325,1.33366,1195
2021-11-25 02:00:00,1.33366,1.33524,1.33338,1.33445,1170
2021-11-25 06:00:00,1.33445,1.33538,1.33285,1.3334,4750
2021-11-25 10:00:00,1.3334,1.33376,1.33054,1.33146,5447
2021-11-25 14:00:00,1.33146,1.3327,1.33087,1.33254,3595
2021-11-25 18:00:00,1.33254,1.33328,1.33172,1.33239,6552
2021-11-25 22:00:00,1.33239,1.33254,1.32992,1.33041,2994
2021-11-26 02:00:00,1.33041,1.33077,1.32991,1.33053,3580
2021-11-26 06:00:00,1.33053,1.33343,1.32782,1.33148,15862
2021-11-26 10:00:00,1.33148,1.33493,1.33066,1.33384,10383
2021-11-26 14:00:00,1.33384,1.33456,1.33076,1.33345,13255
2021-11-26 18:00:00,1.33345,1.33648,1.33224,1.33338,6513
2021-11-28 22:00:00,1.33338,1.33442,1.33275,1.33362,3711
2021-11-29 02:00:00,1.33362,1.33419,1.33276,1.33382,2858
2021-11-29 06:00:00,1.33382,1.33558,1.33194,1.33405,9000
2021-11-29 10:00:00,1.33405,1.33631,1.33192,1.33195,7594
2021-11-29 14:00:00,1.33195,1.33225,1.32878,1.33016,9382
2021-11-29 18:00:00,1.33016,1.33179,1.32877,1.33164,2858
2021-11-29 22:00:00,1.33164,1.33296,1.33088,1.33268,1946
2021-11-30 02:00:00,1.33268,1.33298,1.33124,1.33182,3975
2021-11-30 06:00:00,1.33182,1.3369,1.33072,1.33631,12094
2021-11-30 10:00:00,1.33631,1.33704,1.33286,1.33453,9999
2021-11-30 14:00:00,1.33453,1.33672,1.31948,1.32646,31119
2021-11-30 18:00:00,1.32646,1.33098,1.3253,1.33024,6411
2021-11-30 22:00:00,1.33024,1.33146,1.32884,1.32936,2933
2021-12-01 02:00:00,1.32936,1.3327,1.32927,1.33262,2916
2021-12-01 06:00:00,1.33262,1.33322,1.32762,1.33117,10570
2021-12-01 10:00:00,1.33117,1.33444,1.33012,1.33435,9954
2021-12-01 14:00:00,1.33435,1.3352,1.32982,1.33024,12858
2021-12-01 18:00:00,1.33024,1.33072,1.32621,1.32749,5805
2021-12-01 22:00:00,1.32749,1.32946,1.32705,1.32946,1751
2021-12-02 02:00:00,1.32946,1.33058,1.32863,1.32885,1878
2021-12-02 06:00:00,1.32885,1.33223,1.32766,1.33216,7819
2021-12-02 10:00:00,1.33216,1.33339,1.33074,1.33124,9650
2021-12-02 14:00:00,1.33124,1.3323,1.32994,1.33014,13217
2021-12-02 18:00:00,1.33014,1.3306,1.32896,1.32998,3858
2021-12-02 22:00:00,1.32998,1.33055,1.3284,1.3292,1566
2021-12-03 02:00:00,1.3292,1.32992,1.32833,1.32956,1481
2021-12-03 06:00:00,1.32956,1.32987,1.32683,1.32863,6290
2021-12-03 10:00:00,1.32863,1.33106,1.32546,1.32849,13390
2021-12-03 14:00:00,1.32849,1.32854,1.3209,1.32368,17032
2021-12-03 18:00:00,1.32368,1.32532,1.32274,1.32373,4214
2021-12-05 22:00:00,1.32373,1.32566,1.3228,1.32396,2699
2021-12-06 02:00:00,1.32396,1.32405,1.32294,1.32308,1465
2021-12-06 06:00:00,1.32308,1.32668,1.32225,1.32596,5796
2021-12-06 10:00:00,1.32596,1.32864,1.32494,1.32666,7797
2021-12-06 14:00:00,1.32666,1.32696,1.32309,1.32542,8397
2021-12-06 18:00:00,1.32542,1.3268,1.32472,1.32641,2183
2021-12-06 22:00:00,1.32641,1.32672,1.32534,1.32654,3107
2021-12-07 02:00:00,1.32654,1.32894,1.32642,1.32846,2048
2021-12-07 06:00:00,1.32846,1.32881,1.32466,1.3262,6029
2021-12-07 10:00:00,1.3262,1.32688,1.32188,1.32266,7665
2021-12-07 14:00:00,1.32266,1.32506,1.32089,1.32274,8441
2021-12-07 18:00:00,1.32274,1.32457,1.32216,1.32428,2257
2021-12-07 22:00:00,1.32428,1.32516,1.32362,1.32438,2505
2021-12-08 02:00:00,1.32438,1.32616,1.32438,1.32544,1643
2021-12-08 06:00:00,1.32544,1.32565,1.32324,1.32426,7020
2021-12-08 10:00:00,1.32426,1.32452,1.3161,1.32168,16458
2021-12-08 14:00:00,1.32168,1.32444,1.319,1.32372,9454
2021-12-08 18:00:00,1.32372,1.32431,1.31916,1.32045,3402
2021-12-08 22:00:00,1.32045,1.32122,1.31939,1.32005,1394
2021-12-09 02:00:00,1.32005,1.32149,1.31934,1.32078,1425
2021-12-09 06:00:00,1.32078,1.32161,1.3193,1.32052,5486
2021-12-09 10:00:00,1.32052,1.32124,1.31708,1.32064,7452
2021-12-09 14:00:00,1.32064,1.3217,1.3186,1.32126,7371
2021-12-09 18:00:00,1.32126,1.32228,1.32078,1.32197,2658
2021-12-09 22:00:00,1.32197,1.32298,1.32132,1.3227,1469
2021-12-10 02:00:00,1.3227,1.32333,1.32166,1.32206,1403
2021-12-10 06:00:00,1.32206,1.32296,1.3197,1.32018,6332
2021-12-10 10:00:00,1.32018,1.32422,1.31874,1.32298,7702
2021-12-10 14:00:00,1.32298,1.32712,1.32042,1.3268,8132
2021-12-10 18:00:00,1.3268,1.32756,1.32558,1.32642,1990
2021-12-12 22:00:00,1.32642,1.32642,1.32522,1.3255,2582
2021-12-13 02:00:00,1.3255,1.32589,1.32466,1.32498,913
2021-12-13 06:00:00,1.32498,1.32502,1.32218,1.32454,4957
2021-12-13 10:00:00,1.32454,1.32686,1.3238,1.32557,7997
2021-12-13 14:00:00,1.32557,1.32687,1.32127,1.32128,8470
2021-12-13 18:00:00,1.32128,1.32216,1.32076,1.32135,2436
2021-12-13 22:00:00,1.32135,1.32182,1.32012,1.32028,1146
2021-12-14 02:00:00,1.32028,1.32066,1.31912,1.32057,1231
2021-12-14 06:00:00,1.32057,1.32253,1.31984,1.32228,5511
2021-12-14 10:00:00,1.32228,1.3257,1.32182,1.32332,6709
2021-12-14 14:00:00,1.32332,1.32483,1.32224,1.3228,6784
2021-12-14 18:00:00,1.3228,1.32318,1.32196,1.3227,1820
2021-12-14 22:00:00,1.3227,1.32368,1.32257,1.32329,1030
2021-12-15 02:00:00,1.32329,1.32446,1.32272,1.32428,1074
2021-12-15 06:00:00,1.32428,1.32828,1.32367,1.32603,5868
2021-12-15 10:00:00,1.32603,1.32679,1.32462,1.3256,5941
2021-12-15 14:00:00,1.3256,1.32594,1.32063,1.32123,8266
2021-12-15 18:00:00,1.32123,1.32735,1.3172,1.32621,17285
2021-12-15 22:00:00,1.32621,1.3269,1.32494,1.32533,2169
2021-12-16 02:00:00,1.32533,1.32564,1.32414,1.32434,1642
2021-12-16 06:00:00,1.32434,1.33032,1.3242,1.32919,6811
2021-12-16 10:00:00,1.32919,1.33746,1.32585,1.33566,17562
2021-12-16 14:00:00,1.33566,1.33577,1.3307,1.3319,10207
2021-12-16 18:00:00,1.3319,1.33282,1.33028,1.3323,3141
2021-12-16 22:00:00,1.3323,1.33318,1.33191,1.33253,1474
2021-12-17 02:00:00,1.33253,1.33366,1.3319,1.33364,1942
2021-12-17 06:00:00,1.33364,1.33394,1.33062,1.33181,7469
2021-12-17 10:00:00,1.33181,1.33181,1.32804,1.32902,6935
2021-12-17 14:00:00,1.32902,1.3298,1.32558,1.32615,8582
2021-12-17 18:00:00,1.32615,1.32658,1.32314,1.32378,3140
2021-12-19 22:00:00,1.32378,1.32466,1.32224,1.32274,2024
2021-12-20 02:00:00,1.32274,1.32326,1.32197,1.32224,1664
2021-12-20 06:00:00,1.32224,1.3225,1.31736,1.31852,7097
2021-12-20 10:00:00,1.31852,1.32446,1.31836,1.32394,6776
2021-12-20 14:00:00,1.32394,1.32434,1.3206,1.32106,7732
2021-12-20 18:00:00,1.32106,1.32191,1.32003,1.32093,2155
2021-12-20 22:00:00,1.32093,1.32163,1.31978,1.3212,1583
2021-12-21 02:00:00,1.3212,1.32194,1.32082,1.32176,1187
2021-12-21 06:00:00,1.32176,1.32516,1.32102,1.32474,5650
2021-12-21 10:00:00,1.32474,1.32622,1.32404,1.3254,5533
2021-12-21 14:00:00,1.3254,1.32615,1.32307,1.32489,6817
2021-12-21 18:00:00,1.32489,1.3271,1.32468,1.32696,1965
2021-12-21 22:00:00,1.32696,1.32754,1.32588,1.3272,1241
2021-12-22 02:00:00,1.3272,1.32734,1.32481,1.3249,1282
2021-12-22 06:00:00,1.3249,1.32911,1.32404,1.32856,5219
2021-12-22 10:00:00,1.32856,1.33305,1.32841,1.33292,6523
2021-12-22 14:00:00,1.33292,1.33626,1.33192,1.33567,6796
2021-12-22 18:00:00,1.33567,1.33634,1.3348,1.33567,1823
2021-12-22 22:00:00,1.33567,1.33609,1.3347,1.3351,1756
2021-12-23 02:00:00,1.3351,1.3354,1.33425,1.33511,808
2021-12-23 06:00:00,1.33511,1.34058,1.33488,1.34038,3264
2021-12-23 10:00:00,1.34038,1.34358,1.34004,1.34148,6334
2021-12-23 14:00:00,1.34148,1.3438,1.33944,1.34182,7076
2021-12-23 18:00:00,1.34182,1.3421,1.34088,1.34145,1423
2021-12-23 22:00:00,1.34145,1.34177,1.34012,1.34081,1201
2021-12-24 02:00:00,1.34081,1.34128,1.33919,1.33933,3021
2021-12-24 06:00:00,1.33933,1.34152,1.33908,1.34109,11149
2021-12-24 10:00:00,1.34109,1.34212,1.34018,1.34042,5954
2021-12-24 14:00:00,1.34042,1.34154,1.33855,1.33954,4419
2021-12-24 18:00:00,1.33954,1.34177,1.33849,1.33936,3118
2021-12-26 22:00:00,1.33936,1.34118,1.3392,1.34018,1150
2021-12-27 02:00:00,1.34018,1.34156,1.33994,1.34028,1055
2021-12-27 06:00:00,1.34028,1.34192,1.33926,1.34031,3007
2021-12-27 10:00:00,1.34031,1.34282,1.33953,1.34272,2723
2021-12-27 14:00:00,1.34272,1.34438,1.34086,1.34395,3361
2021-12-27 18:00:00,1.34395,1.34453,1.34312,1.34446,1081
2021-12-27 22:00:00,1.34446,1.34446,1.34285,1.34306,923
2021-12-28 02:00:00,1.34306,1.34396,1.34284,1.34375,774
2021-12-28 06:00:00,1.34375,1.3447,1.34304,1.34467,2180
2021-12-28 10:00:00,1.34467,1.34618,1.34453,1.34568,1736
2021-12-28 14:00:00,1.34568,1.34598,1.34149,1.34365,4553
2021-12-28 18:00:00,1.34365,1.34372,1.3421,1.343,1475
2021-12-28 22:00:00,1.343,1.34402,1.34214,1.34247,1087
2021-12-29 02:00:00,1.34247,1.34377,1.34232,1.34294,780
2021-12-29 06:00:00,1.34294,1.34308,1.34098,1.3413,2894
2021-12-29 10:00:00,1.3413,1.3463,1.34088,1.34544,4436
2021-12-29 14:00:00,1.34544,1.34996,1.34498,1.34825,6845
2021-12-29 18:00:00,1.34825,1.34906,1.34815,1.34879,1568
2021-12-29 22:00:00,1.34879,1.35053,1.34852,1.35046,1108
2021-12-30 02:00:00,1.35046,1.35052,1.34796,1.34814,843
2021-12-30 06:00:00,1.34814,1.34834,1.34544,1.34596,3418
2021-12-30 10:00:00,1.34596,1.3517,1.34588,1.34855,4314
2021-12-30 14:00:00,1.34855,1.3522,1.34784,1.34862,6218
2021-12-30 18:00:00,1.34862,1.35132,1.34801,1.35033,1943
2021-12-30 22:00:00,1.35033,1.3507,1.3495,1.35034,868
2021-12-31 02:00:00,1.35034,1.35052,1.34949,1.34962,773
2021-12-31 06:00:00,1.34962,1.352,1.34936,1.35096,3417
2021-12-31 10:00:00,1.35096,1.35161,1.34656,1.35042,5525
2021-12-31 14:00:00,1.35042,1.35504,1.3501,1.35351,9020
2021-12-31 18:00:00,1.35351,1.35438,1.35214,1.35311,1956
2022-01-02 22:00:00,1.35311,1.35357,1.35154,1.35178,1378
2022-01-03 02:00:00,1.35178,1.35178,1.34952,1.3499,1435
2022-01-03 06:00:00,1.3499,1.35283,1.34966,1.35174,3734
2022-01-03 10:00:00,1.35174,1.35246,1.34835,1.3487,4537
2022-01-03 14:00:00,1.3487,1.34922,1.34308,1.34714,8797
2022-01-03 18:00:00,1.34714,1.34859,1.34705,1.34786,2027
2022-01-03 22:00:00,1.34786,1.34854,1.34715,1.34808,1345
2022-01-04 02:00:00,1.34808,1.34808,1.34632,1.34685,1338
2022-01-04 06:00:00,1.34685,1.3514,1.34594,1.35114,4688
2022-01-04 10:00:00,1.35114,1.35156,1.34789,1.35149,6116
2022-01-04 14:00:00,1.35149,1.35573,1.35092,1.35361,8125
2022-01-04 18:00:00,1.35361,1.3538,1.35208,1.35277,2061
2022-01-04 22:00:00,1.35277,1.35402,1.35247,1.35391,1116
