date_creation,ticker,rr_tp1,rr_tp2,statut_final,r_trailing,resolution_time_est,prix_entree,stop_loss_init
2022-01-31 17:18:35,USD/JPY,1.5937499999999925,4.93749999999999,OBJECTIF ATTEINT,1.5937499999999925,2022-02-01 01:04:30,115.15,114.51
2022-02-02 19:40:36,CHF/JPY,1.3636363636363578,2.090909090909138,OBJECTIF ATTEINT,1.3636363636363578,2022-02-03 03:26:31,124.55,124.33
2022-02-03 20:46:35,GBP/CHF,2.0,4.999999999999841,INVALIDÉE,-1.0,2022-02-04 04:32:30,1.2523,1.2509
2022-02-03 21:43:57,CHF/JPY,1.6060606060606175,5.636363636363663,INVALIDÉE,-1.0,2022-02-04 05:29:52,124.94,124.61
2022-02-04 00:40:41,GBP/USD,2.5882352941175704,6.470588235293926,INVALIDÉE,-1.0,2022-02-04 08:26:36,1.3604,1.3587
2022-02-04 04:39:57,AUD/JPY,1.749999999999889,4.374999999999634,INVALIDÉE,-1.0,2022-02-04 12:25:52,82.15,81.99
2022-02-09 01:40:40,USD/CHF,1.6086956521739508,2.304347826086975,INVALIDÉE,-1.0,2022-02-09 09:26:35,0.9253,0.923
2022-02-14 19:46:30,EUR/USD,1.6249999999999132,5.124999999999844,INVALIDÉE,-1.0,2022-02-15 03:32:25,1.1293,1.1309
2022-02-15 10:11:35,GBP/JPY,1.7600000000000289,7.306666666666691,INVALIDÉE,-1.0,2022-02-15 17:57:30,156.79,156.04
2022-02-18 05:40:31,NZD/USD,1.4374999999999394,5.187499999999835,INVALIDÉE,-1.0,2022-02-18 13:26:26,0.671,0.6694
2022-02-21 04:15:43,DAX40 FULL0926,2.943980929678185,3.9019666269368254,OBJECTIF ATTEINT,2.943980929678185,2022-02-21 12:01:38,15088.0,15423.6
2022-02-21 16:22:01,DAX40 PERF INDEX,2.723272984727423,4.989177708101551,OBJECTIF ATTEINT,2.723272984727423,2022-02-22 00:07:56,14775.56,14973.3
2022-02-21 19:40:35,EUR/USD,2.5833333333332256,8.333333333332716,INVALIDÉE,-1.0,2022-02-22 03:26:30,1.1311,1.1323
2022-02-25 11:41:54,USD/CAD,1.6000000000000356,2.8000000000001064,INVALIDÉE,-1.0,2022-02-25 19:27:49,1.2808,1.2783
2022-03-03 06:39:28,USD/CAD,1.5675675675675595,3.1621621621621427,INVALIDÉE,-1.0,2022-03-03 14:25:23,1.2616,1.2653
2022-03-07 00:39:25,EUR/GBP,2.9062500000000444,5.781250000000058,INVALIDÉE,-1.0,2022-03-07 08:25:20,0.8232,0.8264
2022-03-07 00:39:41,AUD/JPY,1.3846153846154856,7.153846153846456,INVALIDÉE,-1.0,2022-03-07 08:25:36,84.96,84.83
2022-03-07 17:46:23,S&P500 - MINI S&P500 FULL0926,1.3727048022598791,2.2838983050847266,OBJECTIF ATTEINT,1.3727048022598791,2022-03-08 01:32:18,4231.25,4287.89
2022-03-08 19:18:37,USD/JPY,2.2920353982301007,2.380530973451335,OBJECTIF ATTEINT,2.2920353982301007,2022-03-09 03:04:32,115.72,114.59
2022-03-10 22:40:21,USD/JPY,2.89999999999995,6.199999999999887,OBJECTIF ATTEINT,2.89999999999995,2022-03-11 06:26:16,116.14,115.94
2022-03-14 06:40:30,EUR/JPY,2.000000000000142,8.150000000000583,OBJECTIF ATTEINT,2.000000000000142,2022-03-14 14:26:25,128.64,128.44
2022-03-14 19:36:46,USD/CAD,1.8813559322034032,8.847457627118624,INVALIDÉE,-1.0,2022-03-15 03:22:41,1.2826,1.2767
2022-03-15 09:33:15,NASDAQ100 - MINI NASDAQ100 FULL0926,2.119089673913035,3.7194293478260687,INVALIDÉE,-1.0,2022-03-15 17:19:10,12959.0,13106.2
2022-03-18 03:40:01,CHF/JPY,2.124999999999928,2.843749999999924,OBJECTIF ATTEINT,2.124999999999928,2022-03-18 11:25:56,126.79,126.47
2022-03-18 16:48:11,USD/CHF,2.153846153846226,5.0000000000001705,OBJECTIF ATTEINT,2.153846153846226,2022-03-19 00:34:06,0.9323,0.9336
2022-03-21 19:46:11,AUD/JPY,2.290909090909112,4.600000000000025,OBJECTIF ATTEINT,2.290909090909112,2022-03-22 03:32:06,88.36,87.81
2022-03-23 23:31:03,CHF/JPY,2.153846153846238,13.11538461538506,OBJECTIF ATTEINT,2.153846153846238,2022-03-24 07:16:58,130.13,129.61
2022-03-25 14:52:23,GBP/JPY,1.4912280701754093,30.368421052631188,OBJECTIF ATTEINT,1.4912280701754093,2022-03-25 22:38:18,161.21,160.07
2022-03-25 18:36:56,AUD/JPY,1.8720930232558144,5.662790697674428,OBJECTIF ATTEINT,1.8720930232558144,2022-03-26 02:22:51,91.8,90.94
2022-03-30 23:40:05,EUR/GBP,2.538461538461361,7.1538461538457,INVALIDÉE,-1.0,2022-03-31 07:26:00,0.8495,0.8482
2022-04-03 22:39:50,USD/CAD,1.8666666666666865,3.466666666666597,INVALIDÉE,-1.0,2022-04-04 06:25:45,1.2525,1.251
2022-04-06 04:40:05,GBP/CHF,2.1739130434780343,5.391304347825625,OBJECTIF ATTEINT,2.1739130434780343,2022-04-06 12:26:00,1.2169,1.2146
2022-04-08 02:40:13,NZD/USD,2.166666666666646,3.777777777777744,OBJECTIF ATTEINT,2.166666666666646,2022-04-08 10:26:08,0.6877,0.6895
2022-04-10 21:40:04,EUR/JPY,1.5517241379308857,2.999999999999804,OBJECTIF ATTEINT,1.5517241379308857,2022-04-11 05:25:59,135.43,135.14
2022-04-11 13:41:49,USD/CAD,1.476190476190426,7.142857142857128,OBJECTIF ATTEINT,1.476190476190426,2022-04-11 21:27:44,1.2616,1.2595
2022-04-18 06:40:10,USD/JPY,2.4999999999999334,5.4687499999998295,OBJECTIF ATTEINT,2.4999999999999334,2022-04-18 14:26:05,126.64,126.32
2022-04-21 17:45:16,EUR/CHF,1.6428571428573016,5.714285714286349,INVALIDÉE,-1.0,2022-04-22 01:31:11,1.0347,1.0333
2022-04-21 20:39:51,GBP/CHF,2.054054054054048,4.675675675675655,INVALIDÉE,-1.0,2022-04-22 04:25:46,1.242,1.2383
2022-04-25 15:46:26,CHF/JPY,2.3448275862069843,7.2068965517243475,INVALIDÉE,-1.0,2022-04-25 23:32:21,133.13,133.42
2022-04-27 00:40:00,USD/CHF,1.5652173913043657,2.282608695652219,OBJECTIF ATTEINT,1.5652173913043657,2022-04-27 08:25:55,0.9629,0.9583
2022-04-27 14:46:24,AUD/USD,1.56521739130439,5.043478260869658,INVALIDÉE,-1.0,2022-04-27 22:32:19,0.7112,0.7135
2022-04-27 23:13:58,NASDAQ100 - MINI NASDAQ100 FULL0926,1.8106388215026523,3.1213303800583567,OBJECTIF ATTEINT,1.8106388215026523,2022-04-28 06:59:53,13163.5,13447.93
2022-05-04 00:39:27,EUR/CHF,2.5384615384614464,3.692307692307574,OBJECTIF ATTEINT,2.5384615384614464,2022-05-04 08:25:22,1.0305,1.0292
2022-05-09 08:56:59,S&P500 - MINI S&P500 FULL0926,2.6027979274611406,5.819481865284973,OBJECTIF ATTEINT,2.6027979274611406,2022-05-09 16:42:54,4059.5,4156.0
2022-05-13 08:41:21,DAX40 FULL0926,1.612011439466167,3.069590085796007,OBJECTIF ATTEINT,1.612011439466167,2022-05-13 16:27:16,13914.0,13809.1
2022-05-13 10:40:56,EUR/CHF,1.421052631578898,2.684210526315709,INVALIDÉE,-1.0,2022-05-13 18:26:51,1.0389,1.0408
2022-05-22 22:39:14,EUR/USD,2.058823529412026,4.882352941176993,OBJECTIF ATTEINT,2.058823529412026,2022-05-23 06:25:09,1.0572,1.0555
2022-05-23 18:44:45,CHF/JPY,1.736842105263095,9.789473684210568,INVALIDÉE,-1.0,2022-05-24 02:30:40,132.43,132.24
2022-05-24 13:06:10,EUR/GBP,1.5111111111111346,6.733333333333409,INVALIDÉE,-1.0,2022-05-24 20:52:05,0.8572,0.8527
2022-05-25 15:39:41,S&P500 - MINI S&P500 FULL0926,1.4440154440154502,6.177606177606265,INVALIDÉE,-1.0,2022-05-25 23:25:36,3962.75,3949.8
2022-05-26 00:39:22,CHF/JPY,1.4761904761906308,8.761904761905631,INVALIDÉE,-1.0,2022-05-26 08:25:17,132.45,132.24
2022-05-26 00:39:24,NZD/USD,1.7692307692308316,6.615384615384777,INVALIDÉE,-1.0,2022-05-26 08:25:19,0.6493,0.6467
2022-05-26 00:39:32,S&P500 - MINI S&P500 FULL0926,1.737849779086902,3.2768777614138616,OBJECTIF ATTEINT,1.737849779086902,2022-05-26 08:25:27,3983.75,3949.8
2022-05-30 15:07:15,EUR/JPY,2.18750000000007,8.427083333333517,OBJECTIF ATTEINT,2.18750000000007,2022-05-30 22:53:10,137.51,136.55
2022-05-30 19:39:14,NZD/USD,1.894736842105217,5.052631578947304,INVALIDÉE,-1.0,2022-05-31 03:25:09,0.6558,0.6539
2022-06-05 23:39:33,EUR/GBP,2.0370370370369915,4.777777777777682,INVALIDÉE,-1.0,2022-06-06 07:25:28,0.8585,0.8558
2022-06-06 07:41:16,GBP/JPY,1.4687500000001166,8.781250000000194,OBJECTIF ATTEINT,1.4687500000001166,2022-06-06 15:27:11,163.64,163.32
2022-06-08 19:35:09,EUR/CHF,2.4042553191489926,5.808510638297985,INVALIDÉE,-1.0,2022-06-09 03:21:04,1.0484,1.0437
2022-06-09 00:02:37,USD/CHF,1.7321428571428836,3.696428571428621,OBJECTIF ATTEINT,1.7321428571428836,2022-06-09 07:48:32,0.979,0.9734
2022-06-13 09:08:10,S&P500 - MINI S&P500 FULL0926,2.3954855643044626,5.238845144356955,INVALIDÉE,-1.0,2022-06-13 16:54:05,3804.25,3899.5
2022-06-13 09:08:11,NASDAQ100 - MINI NASDAQ100 FULL0926,2.310404127257094,3.479896818572659,INVALIDÉE,-1.0,2022-06-13 16:54:06,11509.25,11800.0
2022-06-14 18:44:30,GBP/JPY,1.8275862068964672,2.7241379310343965,INVALIDÉE,-1.0,2022-06-15 02:30:25,161.67,162.25
2022-06-22 06:11:50,DAX40 FULL0926,1.5017301038062283,5.490311418685124,OBJECTIF ATTEINT,1.5017301038062283,2022-06-22 13:57:45,13067.0,13356.0
2022-06-27 23:11:23,EUR/GBP,1.857142857142812,3.885714285714205,INVALIDÉE,-1.0,2022-06-28 06:57:18,0.8625,0.859
2022-06-28 08:41:03,EUR/USD,1.75000000000037,5.083333333333888,INVALIDÉE,-1.0,2022-06-28 16:26:58,1.0594,1.0582
2022-06-30 13:06:16,DAX40 FULL0926,1.9383613445378147,5.070168067226894,INVALIDÉE,-1.0,2022-06-30 20:52:11,12687.0,12925.0
2022-07-06 05:39:18,AUD/JPY,1.8095238095237196,4.714285714285511,INVALIDÉE,-1.0,2022-07-06 13:25:13,91.8,92.01
2022-07-08 16:44:00,USD/JPY,1.533333333333207,2.79999999999981,OBJECTIF ATTEINT,1.533333333333207,2022-07-09 00:29:55,136.15,136.0
2022-07-08 17:43:39,AUD/JPY,1.7777777777776724,4.555555555555345,INVALIDÉE,-1.0,2022-07-09 01:29:34,93.15,92.97
2022-07-08 20:38:52,S&P500 - MINI S&P500 FULL0926,1.451803278688531,4.680327868852459,INVALIDÉE,-1.0,2022-07-09 04:24:47,3905.5,3875.0
2022-07-12 04:01:00,GBP/USD,2.0636942675159164,2.4585987261146403,INVALIDÉE,-1.0,2022-07-12 11:46:55,1.1878,1.2035
2022-07-14 21:39:27,AUD/JPY,1.545454545454569,14.727272727272844,INVALIDÉE,-1.0,2022-07-15 05:25:22,93.8,93.69
2022-07-19 04:30:54,AUD/JPY,1.714285714285671,9.642857142857062,OBJECTIF ATTEINT,1.714285714285671,2022-07-19 12:16:49,94.4,94.26
2022-07-22 12:30:50,USD/CAD,2.8235294117646634,6.411764705882234,INVALIDÉE,-1.0,2022-07-22 20:16:45,1.2862,1.2896
2022-08-08 00:29:50,CHF/JPY,1.9523809523808624,6.523809523809298,OBJECTIF ATTEINT,1.9523809523808624,2022-08-08 08:15:45,140.65,140.44
2022-08-08 00:30:02,USD/CHF,1.416666666666628,8.250000000000162,INVALIDÉE,-1.0,2022-08-08 08:15:57,0.9635,0.9623
2022-08-16 15:37:23,DAX40 PERF INDEX,1.4254375154054957,3.01815791635858,INVALIDÉE,-1.0,2022-08-16 23:23:18,13910.71,13789.0
2022-08-18 09:36:48,GBP/JPY,2.5294117647061087,4.294117647059079,INVALIDÉE,-1.0,2022-08-18 17:22:43,162.94,162.77
2022-08-18 20:34:54,USD/CAD,2.266666666666963,10.400000000001183,OBJECTIF ATTEINT,2.266666666666963,2022-08-19 04:20:49,1.2952,1.2937
2022-08-19 14:42:31,EUR/JPY,1.7777777777778918,5.138888888889163,INVALIDÉE,-1.0,2022-08-19 22:28:26,137.76,137.4
2022-08-22 06:34:43,DAX40 FULL0926,2.8905472636815577,12.4701492537311,OBJECTIF ATTEINT,2.8905472636815577,2022-08-22 14:20:38,13465.0,13505.2
2022-08-22 20:30:57,USD/CAD,1.3571428571428723,2.690476190476223,INVALIDÉE,-1.0,2022-08-23 04:16:52,1.3051,1.3009
2022-08-22 23:30:35,USD/JPY,2.861111111111006,3.861111111110927,INVALIDÉE,-1.0,2022-08-23 07:16:30,137.59,137.23
2022-08-25 00:29:43,AUD/USD,2.2500000000000275,3.800000000000022,OBJECTIF ATTEINT,2.2500000000000275,2022-08-25 08:15:38,0.6919,0.6899
2022-08-25 06:29:31,USD/CAD,2.166666666666646,5.111111111111097,INVALIDÉE,-1.0,2022-08-25 14:15:26,1.2919,1.2937
2022-08-26 11:31:12,AUD/USD,1.583333333333372,5.333333333333395,INVALIDÉE,-1.0,2022-08-26 19:17:07,0.6976,0.6964
2022-08-29 02:50:24,EUR/USD,2.350000000000032,4.950000000000049,INVALIDÉE,-1.0,2022-08-29 10:36:19,0.9927,1.0027
2022-08-29 05:31:13,GBP/JPY,1.500000000000142,3.0666666666668942,OBJECTIF ATTEINT,1.500000000000142,2022-08-29 13:17:08,161.85,161.55
2022-08-30 18:36:51,EUR/USD,2.500000000000042,4.653846153846269,INVALIDÉE,-1.0,2022-08-31 02:22:46,1.0025,0.9999
2022-08-31 20:31:45,NASDAQ100 - MINI NASDAQ100 FULL0926,2.436619718309859,8.422535211267606,OBJECTIF ATTEINT,2.436619718309859,2022-09-01 04:17:40,12305.5,12376.5
2022-09-01 00:30:07,EUR/JPY,2.896551724138022,5.103448275862173,INVALIDÉE,-1.0,2022-09-01 08:16:02,139.9,139.61
2022-09-05 19:29:57,AUD/JPY,1.538461538461614,2.7692307692309712,OBJECTIF ATTEINT,1.538461538461614,2022-09-06 03:15:52,95.57,95.44
2022-09-07 03:49:56,NZD/USD,1.384615384615397,3.07692307692309,INVALIDÉE,-1.0,2022-09-07 11:35:51,0.6004,0.6108
2022-09-09 00:29:16,EUR/GBP,2.3703703703703245,3.7407407407406894,INVALIDÉE,-1.0,2022-09-09 08:15:11,0.8697,0.867
2022-09-09 08:32:27,NASDAQ100 - MINI NASDAQ100 FULL0926,1.5187032418952553,4.375846099038105,OBJECTIF ATTEINT,1.5187032418952553,2022-09-09 16:18:22,12519.75,12379.4
2022-09-12 02:30:55,EUR/USD,1.6153846153845102,12.538461538460764,OBJECTIF ATTEINT,1.6153846153845102,2022-09-12 10:16:50,1.0092,1.0079
2022-09-12 13:30:58,AUD/USD,2.777777777778148,11.666666666668023,INVALIDÉE,-1.0,2022-09-12 21:16:53,0.6879,0.687
2022-09-12 13:31:22,AUD/JPY,1.4827586206897194,5.41379310344845,INVALIDÉE,-1.0,2022-09-12 21:17:17,98.21,97.92
2022-09-20 04:29:48,EUR/CHF,1.5999999999999337,7.099999999999989,INVALIDÉE,-1.0,2022-09-20 12:15:43,0.9675,0.9665
2022-09-21 06:29:14,AUD/USD,1.6060606060606122,4.575757575757619,OBJECTIF ATTEINT,1.6060606060606122,2022-09-21 14:15:09,0.6672,0.6705
2022-09-22 00:29:44,EUR/JPY,1.559523809523772,2.4523809523809112,INVALIDÉE,-1.0,2022-09-22 08:15:39,141.67,142.51
2022-09-25 20:29:04,USD/CAD,1.6865671641791355,2.104477611940321,OBJECTIF ATTEINT,1.6865671641791355,2022-09-26 04:14:59,1.3611,1.3544
2022-09-27 18:34:50,USD/CHF,1.3939393939394216,3.4545454545455097,INVALIDÉE,-1.0,2022-09-28 02:20:45,0.992,0.9887
2022-09-28 03:31:02,EUR/JPY,2.5833333333334583,8.722222222222621,INVALIDÉE,-1.0,2022-09-28 11:16:57,138.31,138.67
2022-09-29 13:31:37,EUR/JPY,2.9285714285714914,5.547619047619243,OBJECTIF ATTEINT,2.9285714285714914,2022-09-29 21:17:32,140.69,140.27
2022-09-30 02:30:00,USD/JPY,2.576923076923119,4.538461538461723,INVALIDÉE,-1.0,2022-09-30 10:15:55,144.72,144.46
2022-10-03 22:30:24,EUR/JPY,2.159090909090959,4.61363636363639,OBJECTIF ATTEINT,2.159090909090959,2022-10-04 06:16:19,142.07,141.63
2022-10-04 03:29:37,EUR/USD,1.666666666666568,5.333333333333136,OBJECTIF ATTEINT,1.666666666666568,2022-10-04 11:15:32,0.9828,0.9813
2022-10-11 07:31:46,GBP/JPY,1.5844155844156205,1.8701298701299116,INVALIDÉE,-1.0,2022-10-11 15:17:41,160.65,161.42
2022-10-17 03:29:45,GBP/JPY,1.384615384615225,6.269230769230286,OBJECTIF ATTEINT,1.384615384615225,2022-10-17 11:15:40,166.93,166.67
2022-10-21 00:29:41,USD/CHF,2.0769230769234186,9.692307692308887,INVALIDÉE,-1.0,2022-10-21 08:15:36,1.0047,1.0034
2022-10-21 06:29:57,USD/JPY,2.500000000000089,9.843750000000227,INVALIDÉE,-1.0,2022-10-21 14:15:52,150.41,150.09
2022-10-21 09:31:47,GBP/USD,1.976190476190532,4.190476190476224,INVALIDÉE,-1.0,2022-10-21 17:17:42,1.114,1.1182
2022-10-25 19:35:10,NZD/USD,2.4000000000001185,9.933333333333708,INVALIDÉE,-1.0,2022-10-26 03:21:05,0.5757,0.5742
2022-11-07 17:35:10,AUD/USD,2.555555555555487,5.44444444444439,INVALIDÉE,-1.0,2022-11-08 01:21:05,0.6473,0.6464
2022-11-08 20:35:26,NZD/USD,1.545454545454541,4.772727272727296,INVALIDÉE,-1.0,2022-11-09 04:21:21,0.5968,0.5946
2022-11-11 12:32:01,USD/JPY,1.9130434782607084,15.826086956520427,OBJECTIF ATTEINT,1.9130434782607084,2022-11-11 20:17:56,139.42,139.65
2022-11-11 17:35:13,AUD/JPY,1.711111111111123,2.355555555555546,INVALIDÉE,-1.0,2022-11-12 01:21:08,92.98,93.43
2022-11-15 13:32:27,EUR/USD,1.3888888888889392,2.5740740740741503,INVALIDÉE,-1.0,2022-11-15 21:18:22,1.0432,1.0378
2022-11-16 23:29:59,GBP/USD,1.7258064516128968,4.919354838709686,INVALIDÉE,-1.0,2022-11-17 07:15:54,1.1917,1.1855
2022-11-18 09:31:45,GBP/CHF,1.4166666666665897,5.916666666666127,INVALIDÉE,-1.0,2022-11-18 17:17:40,1.1344,1.1332
2022-11-18 10:31:28,NZD/USD,2.599999999999933,8.299999999999967,INVALIDÉE,-1.0,2022-11-18 18:17:23,0.6178,0.6168
2022-11-21 18:35:11,USD/CHF,1.5909090909090815,4.409090909090918,INVALIDÉE,-1.0,2022-11-22 02:21:06,0.9595,0.9573
2022-11-23 11:33:16,EUR/JPY,1.976744186046467,3.441860465116201,INVALIDÉE,-1.0,2022-11-23 19:19:11,145.97,145.54
2022-11-29 00:29:23,CHF/JPY,2.5000000000000644,5.409090909090927,INVALIDÉE,-1.0,2022-11-29 08:15:18,146.12,146.34
2022-12-02 05:29:46,EUR/CHF,1.4374999999999394,4.249999999999896,INVALIDÉE,-1.0,2022-12-02 13:15:41,0.9868,0.9852
2022-12-02 17:35:35,EUR/CHF,1.5999999999999113,4.599999999999837,OBJECTIF ATTEINT,1.5999999999999113,2022-12-03 01:21:30,0.9867,0.9852
2022-12-05 01:29:27,GBP/USD,1.8983050847457368,4.372881355932199,INVALIDÉE,-1.0,2022-12-05 09:15:22,1.2317,1.2258
2022-12-05 03:29:37,EUR/CHF,2.8235294117646634,7.823529411764533,INVALIDÉE,-1.0,2022-12-05 11:15:32,0.9888,0.9871
2022-12-08 04:29:05,USD/CAD,1.5853658536585271,4.731707317073146,INVALIDÉE,-1.0,2022-12-08 12:15:00,1.3687,1.3646
2022-12-12 11:31:47,USD/CHF,1.6499999999999833,4.299999999999967,INVALIDÉE,-1.0,2022-12-12 19:17:42,0.9316,0.9336
2022-12-12 12:53:55,GBP/JPY,1.9685534591194895,6.188679245283008,INVALIDÉE,-1.0,2022-12-12 20:39:50,168.26,166.67
2022-12-15 00:29:27,NZD/USD,1.714285714285601,8.142857142856645,INVALIDÉE,-1.0,2022-12-15 08:15:22,0.6457,0.645
2022-12-15 18:36:06,AUD/JPY,2.3529411764705146,3.6470588235293184,OBJECTIF ATTEINT,2.3529411764705146,2022-12-16 02:22:01,92.24,92.41
2022-12-25 21:29:26,USD/CHF,2.1249999999999134,6.062499999999783,INVALIDÉE,-1.0,2022-12-26 05:15:21,0.9343,0.9327
2022-12-26 19:30:32,EUR/CHF,2.166666666666744,6.66666666666679,INVALIDÉE,-1.0,2022-12-27 03:16:27,0.991,0.9898
2022-12-27 10:31:03,GBP/JPY,2.5384615384616507,3.564102564102727,INVALIDÉE,-1.0,2022-12-27 18:16:58,160.91,160.52
2022-12-27 12:31:10,AUD/JPY,1.4500000000000266,4.250000000000098,OBJECTIF ATTEINT,1.4500000000000266,2022-12-27 20:17:05,89.69,89.29
2022-12-27 16:37:01,USD/JPY,2.9310344827587795,7.862068965517461,OBJECTIF ATTEINT,2.9310344827587795,2022-12-28 00:22:56,133.48,133.19
2022-12-28 12:31:02,USD/JPY,1.446808510638316,4.489361702127639,OBJECTIF ATTEINT,1.446808510638316,2022-12-28 20:16:57,133.65,133.18
2022-12-28 21:31:13,USD/JPY,1.5294117647058725,2.741176470588235,INVALIDÉE,-1.0,2022-12-29 05:17:08,134.46,133.61
2022-12-30 04:29:02,CHF/JPY,2.2799999999999727,3.659999999999968,INVALIDÉE,-1.0,2022-12-30 12:14:57,143.74,143.24
2023-01-01 21:29:02,EUR/USD,2.5862068965515577,6.758620689654826,INVALIDÉE,-1.0,2023-01-02 05:14:57,1.0699,1.067
2023-01-03 19:34:42,USD/CAD,2.0882352941175704,5.88235294117629,INVALIDÉE,-1.0,2023-01-04 03:20:37,1.3681,1.3647
2023-01-06 03:31:56,EUR/JPY,1.8846153846154856,4.769230769230971,INVALIDÉE,-1.0,2023-01-06 11:17:51,141.03,140.77
2023-01-06 09:33:15,S&P500 - MINI S&P500 FULL0926,1.7942583732057469,3.0701754385965003,INVALIDÉE,-1.0,2023-01-06 17:19:10,3827.0,3839.54
2023-01-11 05:30:01,CHF/JPY,2.580645161290249,6.516129032257958,INVALIDÉE,-1.0,2023-01-11 13:15:56,143.55,143.24
2023-01-11 12:57:31,EUR/GBP,1.6909090909090678,3.145454545454508,INVALIDÉE,-1.0,2023-01-11 20:43:26,0.8868,0.8813
2023-01-15 21:29:59,GBP/USD,2.692307692308034,18.23076923077128,INVALIDÉE,-1.0,2023-01-16 05:15:54,1.2223,1.221
2023-01-16 03:52:31,EUR/JPY,2.9322033898305224,4.915254237288117,INVALIDÉE,-1.0,2023-01-16 11:38:26,138.27,138.86
2023-01-17 21:31:05,GBP/USD,2.6800000000001174,6.880000000000188,OBJECTIF ATTEINT,2.6800000000001174,2023-01-18 05:17:00,1.2288,1.2263
2023-01-19 09:58:27,EUR/USD,1.4999999999999778,6.899999999999836,INVALIDÉE,-1.0,2023-01-19 17:44:22,1.0824,1.0774
2023-01-19 23:30:50,EUR/GBP,2.5499999999999945,7.900000000000011,INVALIDÉE,-1.0,2023-01-20 07:16:45,0.8741,0.8761
2023-01-20 17:10:47,EUR/CHF,1.4545454545454894,4.872727272727326,INVALIDÉE,-1.0,2023-01-21 00:56:42,0.9991,0.9936
2023-01-24 05:30:18,NZD/USD,2.8888888888889026,6.0,INVALIDÉE,-1.0,2023-01-24 13:16:13,0.6505,0.6496
2023-01-24 06:30:13,USD/CAD,2.1999999999998225,4.86666666666639,INVALIDÉE,-1.0,2023-01-24 14:16:08,1.3354,1.3369
2023-01-24 18:36:14,NZD/USD,1.6923076923075742,3.846153846153616,INVALIDÉE,-1.0,2023-01-25 02:22:09,0.6509,0.6496
2023-01-25 18:03:48,GBP/USD,2.6929133858267864,6.480314960629959,INVALIDÉE,-1.0,2023-01-26 01:49:43,1.2385,1.2258
2023-01-26 21:30:23,DAX40 FULL0926,2.142011834319503,8.606114398421965,INVALIDÉE,-1.0,2023-01-27 05:16:18,15223.0,15172.3
2023-01-27 18:36:03,EUR/GBP,2.4210526315789567,4.105263157894725,INVALIDÉE,-1.0,2023-01-28 02:21:58,0.8768,0.8787
2023-01-30 12:59:35,NZD/USD,1.4000000000000346,7.600000000000088,INVALIDÉE,-1.0,2023-01-30 20:45:30,0.6496,0.6451
2023-01-30 23:30:15,GBP/CHF,2.6499999999999835,6.67499999999998,INVALIDÉE,-1.0,2023-01-31 07:16:10,1.1429,1.1389
2023-02-01 22:31:14,CHF/JPY,1.3793103448276436,4.724137931034628,INVALIDÉE,-1.0,2023-02-02 06:17:09,141.85,141.56
2023-02-08 15:40:22,NASDAQ100 INDEX,2.940161660031377,8.075883701290923,INVALIDÉE,-1.0,2023-02-08 23:26:17,12641.59,12558.7
2023-02-16 07:31:04,AUD/JPY,1.571428571428557,5.035714285714253,INVALIDÉE,-1.0,2023-02-16 15:16:59,92.61,92.33
2023-02-21 15:39:26,AUD/JPY,1.5833333333332544,12.3333333333329,INVALIDÉE,-1.0,2023-02-21 23:25:21,92.86,92.74
2023-02-23 21:31:09,EUR/CHF,1.4999999999999445,2.900000000000011,OBJECTIF ATTEINT,1.4999999999999445,2023-02-24 05:17:04,0.9897,0.9887
2023-03-07 06:31:15,GBP/USD,1.7142857142858163,3.64285714285725,INVALIDÉE,-1.0,2023-03-07 14:17:10,1.2041,1.2013
2023-03-09 21:31:29,NASDAQ100 - MINI NASDAQ100 FULL0926,2.4909090909091027,5.492561983471062,INVALIDÉE,-1.0,2023-03-10 05:17:24,11999.25,12029.5
2023-03-10 05:30:49,USD/CAD,1.4999999999998292,13.34615384615302,INVALIDÉE,-1.0,2023-03-10 13:16:44,1.3842,1.3816
2023-03-16 10:33:57,DAX40 FULL0926,2.288948069240996,3.3777629826897315,INVALIDÉE,-1.0,2023-03-16 18:19:52,14816.0,14891.1
2023-03-16 16:39:10,GBP/CHF,2.692307692307574,6.692307692307232,OBJECTIF ATTEINT,2.692307692307574,2023-03-17 00:25:05,1.1246,1.1233
2023-03-20 08:33:51,DAX40 PERF INDEX,2.161022532612983,4.7662406114112335,INVALIDÉE,-1.0,2023-03-20 16:19:46,14512.42,14664.2
2023-03-20 16:39:25,AUD/USD,1.5384615384614464,7.461538461537955,INVALIDÉE,-1.0,2023-03-21 00:25:20,0.6709,0.6696
2023-03-22 13:33:27,EUR/USD,1.7692307692307956,2.615384615384602,OBJECTIF ATTEINT,1.7692307692307956,2023-03-22 21:19:22,1.0788,1.0749
2023-03-22 17:36:21,EUR/GBP,2.4615384615385074,4.000000000000085,OBJECTIF ATTEINT,2.4615384615385074,2023-03-23 01:22:16,0.8812,0.8799
2023-03-23 00:30:53,GBP/USD,1.7083333333333603,5.66666666666679,OBJECTIF ATTEINT,1.7083333333333603,2023-03-23 08:16:48,1.2282,1.2258
2023-03-23 00:30:59,EUR/CHF,1.8333333333333148,3.4000000000000297,INVALIDÉE,-1.0,2023-03-23 08:16:54,0.9969,0.9939
2023-03-23 05:53:10,NASDAQ100 - MINI NASDAQ100 FULL0926,1.4269896193771676,6.074740484429061,OBJECTIF ATTEINT,1.4269896193771676,2023-03-23 13:39:05,12776.0,12631.5
2023-03-29 13:34:01,S&P500 - MINI S&P500 FULL0926,1.684491978609642,2.51443850267382,OBJECTIF ATTEINT,1.684491978609642,2023-03-29 21:19:56,4042.25,4023.55
2023-03-31 14:40:10,USD/CHF,1.7666666666666555,3.733333333333326,INVALIDÉE,-1.0,2023-03-31 22:26:05,0.9126,0.9156
2023-04-02 23:31:15,USD/JPY,1.77272727272722,4.590909090909073,INVALIDÉE,-1.0,2023-04-03 07:17:10,133.21,132.99
2023-04-06 18:36:30,NASDAQ100 INDEX,1.856476442232954,4.625874669569321,INVALIDÉE,-1.0,2023-04-07 02:22:25,13072.22,12943.6
2023-04-10 06:31:16,GBP/USD,2.1111111111110974,3.944444444444328,INVALIDÉE,-1.0,2023-04-10 14:17:11,1.24,1.2418
2023-04-12 00:29:51,EUR/GBP,2.090909090909082,3.818181818181837,OBJECTIF ATTEINT,2.090909090909082,2023-04-12 08:15:46,0.8787,0.8776
2023-04-12 19:36:38,NASDAQ100 - MINI NASDAQ100 FULL0926,1.8728431372549084,3.196078431372549,INVALIDÉE,-1.0,2023-04-13 03:22:33,12957.5,13059.5
2023-04-18 03:30:53,DAX40 FULL0926,1.3592233009708898,8.640776699029228,OBJECTIF ATTEINT,1.3592233009708898,2023-04-18 11:16:48,15961.0,15899.2
2023-04-24 06:30:33,S&P500 - MINI S&P500 FULL0926,1.722408026755874,9.180602006689076,INVALIDÉE,-1.0,2023-04-24 14:16:28,4136.0,4150.95
2023-04-25 11:59:32,GBP/CHF,2.100000000000036,9.040000000000218,INVALIDÉE,-1.0,2023-04-25 19:45:27,1.1043,1.1093
2023-04-27 02:52:54,AUD/JPY,1.4476190476190611,5.171428571428592,INVALIDÉE,-1.0,2023-04-27 10:38:49,88.29,89.34
2023-04-27 05:30:57,EUR/USD,1.6666666666666976,2.333333333333395,INVALIDÉE,-1.0,2023-04-27 13:16:52,1.1056,1.1032
2023-05-02 08:33:03,NZD/USD,1.857142857142721,9.428571428570883,OBJECTIF ATTEINT,1.857142857142721,2023-05-02 16:18:58,0.6195,0.6188
2023-05-09 00:51:13,EUR/GBP,1.6000000000000394,3.0444444444444896,OBJECTIF ATTEINT,1.6000000000000394,2023-05-09 08:37:08,0.8716,0.8761
2023-05-11 03:30:14,S&P500 - MINI S&P500 FULL0926,1.5723076923077035,2.769230769230769,INVALIDÉE,-1.0,2023-05-11 11:16:09,4161.25,4145.0
2023-05-11 08:33:48,GBP/USD,2.560000000000039,3.8000000000001055,OBJECTIF ATTEINT,2.560000000000039,2023-05-11 16:19:43,1.2576,1.2601
2023-05-15 18:35:23,NASDAQ100 INDEX,1.7348873449775997,1.8291020063632133,OBJECTIF ATTEINT,1.7348873449775997,2023-05-16 02:21:18,13400.01,13246.0
2023-05-16 20:30:13,USD/JPY,1.5074626865671787,3.029850746268715,OBJECTIF ATTEINT,1.5074626865671787,2023-05-17 04:16:08,136.38,135.71
2023-05-18 22:31:18,EUR/CHF,2.6428571428572503,3.714285714285816,INVALIDÉE,-1.0,2023-05-19 06:17:13,0.9749,0.9735
2023-05-19 15:37:48,USD/CAD,1.4347826086957067,4.956521739130536,INVALIDÉE,-1.0,2023-05-19 23:23:43,1.3518,1.3495
2023-05-22 20:30:21,NZD/USD,1.6250000000000346,2.666666666666744,INVALIDÉE,-1.0,2023-05-23 04:16:16,0.6285,0.6261
2023-05-24 12:32:26,USD/CAD,1.3888888888888409,4.944444444444328,OBJECTIF ATTEINT,1.3888888888888409,2023-05-24 20:18:21,1.3543,1.3525
2023-05-24 20:50:33,EUR/JPY,1.6290322580644896,9.290322580645078,OBJECTIF ATTEINT,1.6290322580644896,2023-05-25 04:36:28,149.88,149.26
2023-06-06 22:29:51,NZD/USD,1.923076923077015,7.615384615384819,INVALIDÉE,-1.0,2023-06-07 06:15:46,0.608,0.6067
2023-06-07 10:32:28,USD/CAD,1.5416666666667092,4.541666666666802,OBJECTIF ATTEINT,1.5416666666667092,2023-06-07 18:18:23,1.3383,1.3407
2023-06-08 17:35:01,EUR/GBP,1.8181818181818368,8.636363636363773,OBJECTIF ATTEINT,1.8181818181818368,2023-06-09 01:20:56,0.8587,0.8598
2023-06-12 14:38:17,DAX40 PERF INDEX,2.59098687963486,3.448088990302283,OBJECTIF ATTEINT,2.59098687963486,2023-06-12 22:24:12,16090.12,16020.0
2023-06-15 12:33:15,EUR/USD,1.3658536585366,3.560975609756091,OBJECTIF ATTEINT,1.3658536585366,2023-06-15 20:19:10,1.0865,1.0824
2023-06-16 05:30:02,USD/JPY,2.4000000000000488,3.8000000000000975,OBJECTIF ATTEINT,2.4000000000000488,2023-06-16 13:15:57,140.66,140.31
2023-06-16 11:32:35,GBP/JPY,1.56603773584905,14.499999999999972,OBJECTIF ATTEINT,1.56603773584905,2023-06-16 19:18:30,180.46,179.4
2023-06-21 11:32:07,AUD/USD,1.7916666666667322,2.791666666666732,INVALIDÉE,-1.0,2023-06-21 19:18:02,0.676,0.6784
2023-06-26 22:30:02,NASDAQ100 - MINI NASDAQ100 FULL0926,2.5848171701113034,5.462639109697971,INVALIDÉE,-1.0,2023-06-27 06:15:57,14874.0,14999.8
2023-06-27 02:30:02,EUR/JPY,1.3815789473684523,5.171052631579018,OBJECTIF ATTEINT,1.3815789473684523,2023-06-27 10:15:57,156.63,155.87
2023-06-29 21:30:01,GBP/USD,1.487179487179531,2.474358974359048,INVALIDÉE,-1.0,2023-06-30 05:15:56,1.2611,1.2689
2023-07-05 16:35:38,GBP/JPY,1.9710144927536493,3.811594202898557,INVALIDÉE,-1.0,2023-07-06 00:21:33,183.79,183.1
2023-07-10 09:58:52,USD/CHF,2.4074074074074274,4.518518518518548,OBJECTIF ATTEINT,2.4074074074074274,2023-07-10 17:44:47,0.8892,0.8946
2023-07-10 12:33:04,EUR/JPY,1.5384615384614655,5.512820512820245,OBJECTIF ATTEINT,1.5384615384614655,2023-07-10 20:18:59,155.98,156.37
2023-07-11 00:30:09,GBP/USD,2.0,6.7222222222221335,OBJECTIF ATTEINT,2.0,2023-07-11 08:16:04,1.2867,1.2849
2023-07-12 03:30:09,CHF/JPY,1.805555555555424,5.305555555555345,INVALIDÉE,-1.0,2023-07-12 11:16:04,158.89,159.25
2023-07-12 06:30:14,NZD/USD,2.235294117647174,3.647058823529565,INVALIDÉE,-1.0,2023-07-12 14:16:09,0.6223,0.6206
2023-07-12 18:35:53,GBP/USD,2.0000000000000417,2.471698113207633,OBJECTIF ATTEINT,2.0000000000000417,2023-07-13 02:21:48,1.2988,1.2935
2023-07-20 05:29:55,GBP/JPY,1.7777777777779649,3.037037037037322,OBJECTIF ATTEINT,1.7777777777779649,2023-07-20 13:15:50,180.3,180.57
2023-07-20 09:32:11,USD/CAD,1.7500000000000278,7.0499999999999945,INVALIDÉE,-1.0,2023-07-20 17:18:06,1.3127,1.3147
2023-07-25 08:32:44,AUD/JPY,2.136363636363707,4.272727272727349,INVALIDÉE,-1.0,2023-07-25 16:18:39,95.71,95.49
2023-07-30 22:29:55,NASDAQ100 - MINI NASDAQ100 FULL0926,2.198547215496389,4.329297820823303,INVALIDÉE,-1.0,2023-07-31 06:15:50,15884.0,15842.7
2023-08-01 21:29:34,EUR/GBP,2.909090909090918,5.272727272727346,INVALIDÉE,-1.0,2023-08-02 05:15:29,0.8602,0.8591
2023-08-04 18:35:10,EUR/GBP,1.5882352941177391,5.823529411764978,INVALIDÉE,-1.0,2023-08-05 02:21:05,0.8634,0.8617
2023-08-08 15:37:30,NASDAQ100 INDEX,1.700553741303465,3.4682663637655224,INVALIDÉE,-1.0,2023-08-08 23:23:25,15168.87,15239.3
2023-08-09 14:38:43,USD/CHF,1.357142857142908,3.0000000000001585,INVALIDÉE,-1.0,2023-08-09 22:24:38,0.8764,0.875
2023-08-10 00:30:02,USD/JPY,2.487804878048757,7.268292682926865,OBJECTIF ATTEINT,2.487804878048757,2023-08-10 08:15:57,143.77,143.36
2023-08-10 21:29:38,GBP/CHF,2.0,3.058823529411757,INVALIDÉE,-1.0,2023-08-11 05:15:33,1.1109,1.1126
2023-08-13 21:29:38,GBP/JPY,2.3137254901961333,4.862745098039282,INVALIDÉE,-1.0,2023-08-14 05:15:33,184.16,183.65
2023-08-17 08:32:55,GBP/USD,2.538461538461276,4.23076923076885,INVALIDÉE,-1.0,2023-08-17 16:18:50,1.2734,1.2721
2023-08-17 14:37:57,DAX40 PERF INDEX,1.8201295465869356,5.081714000996501,OBJECTIF ATTEINT,1.8201295465869356,2023-08-17 22:23:52,15710.35,15810.7
2023-08-21 10:57:59,EUR/JPY,2.307086614173215,8.275590551181029,INVALIDÉE,-1.0,2023-08-21 18:43:54,159.03,157.76
2023-08-21 21:29:49,GBP/USD,1.3999999999999555,3.0,INVALIDÉE,-1.0,2023-08-22 05:15:44,1.2759,1.2739
2023-08-23 03:24:27,AUD/USD,2.0,4.299999999999967,INVALIDÉE,-1.0,2023-08-23 11:10:22,0.6438,0.6428
2023-08-24 12:27:34,GBP/USD,2.928571428571746,8.214285714286666,OBJECTIF ATTEINT,2.928571428571746,2023-08-24 20:13:29,1.2656,1.267
2023-08-28 10:27:42,GBP/CHF,1.7777777777776818,8.833333333333231,INVALIDÉE,-1.0,2023-08-28 18:13:37,1.1111,1.1129
2023-09-06 18:30:59,USD/CAD,2.222222222222469,11.833333333334693,INVALIDÉE,-1.0,2023-09-07 02:16:54,1.3658,1.364
2023-09-07 08:27:46,NASDAQ100 - MINI NASDAQ100 FULL0926,2.589393939393934,4.480303030303041,INVALIDÉE,-1.0,2023-09-07 16:13:41,15295.5,15361.5
2023-09-15 16:31:35,GBP/CHF,1.4285714285713609,6.642857142856882,OBJECTIF ATTEINT,1.4285714285713609,2023-09-16 00:17:30,1.111,1.1124
2023-09-20 09:26:57,NZD/USD,1.777777777777915,3.2222222222223937,INVALIDÉE,-1.0,2023-09-20 17:12:52,0.5942,0.5924
2023-09-21 04:25:56,USD/CHF,1.6111111111110974,5.666666666666584,OBJECTIF ATTEINT,1.6111111111110974,2023-09-21 12:11:51,0.9002,0.8984
2023-09-22 06:40:19,AUD/JPY,2.333333333333365,5.05000000000005,INVALIDÉE,-1.0,2023-09-22 14:26:14,95.25,94.65
2023-09-25 13:26:59,NZD/USD,1.8571428571431745,3.5714285714290472,INVALIDÉE,-1.0,2023-09-25 21:12:54,0.5961,0.5954
2023-09-26 17:30:08,EUR/USD,2.0833333333331328,8.166666666665895,OBJECTIF ATTEINT,2.0833333333331328,2023-09-27 01:16:03,1.0573,1.0585
2023-10-02 07:26:42,NASDAQ100 - MINI NASDAQ100 FULL0926,2.1124068055821272,3.7382909577518864,INVALIDÉE,-1.0,2023-10-02 15:12:37,15001.5,14949.19
2023-10-02 22:26:09,NASDAQ100 - MINI NASDAQ100 FULL0926,2.4232548359966617,4.211522287636699,INVALIDÉE,-1.0,2023-10-03 06:12:04,14996.75,14949.19
2023-10-03 15:33:06,USD/CHF,2.8666666666666814,5.733333333333326,INVALIDÉE,-1.0,2023-10-03 23:19:01,0.9225,0.9195
2023-10-06 20:25:25,AUD/USD,1.9166666666667669,3.750000000000116,INVALIDÉE,-1.0,2023-10-07 04:11:20,0.6386,0.6374
2023-10-11 00:25:33,NZD/USD,1.6428571428571457,4.74999999999995,INVALIDÉE,-1.0,2023-10-11 08:11:28,0.6051,0.6023
2023-10-12 00:25:25,EUR/JPY,2.066666666666654,4.383333333333368,INVALIDÉE,-1.0,2023-10-12 08:11:20,158.43,157.83
2023-10-12 03:24:35,AUD/JPY,2.714285714285772,5.071428571428608,INVALIDÉE,-1.0,2023-10-12 11:10:30,95.71,95.57
2023-10-12 09:27:17,DAX40 FULL0926,1.8110749185667752,4.592833876221499,INVALIDÉE,-1.0,2023-10-12 17:13:12,15673.0,15596.25
2023-10-18 19:30:34,DAX40 FULL0926,1.4912280701754386,10.32157894736842,OBJECTIF ATTEINT,1.4912280701754386,2023-10-19 03:16:29,15152.0,15209.0
2023-10-19 09:44:55,DAX40 PERF INDEX,1.6660641118341677,7.574957821161679,INVALIDÉE,-1.0,2023-10-19 17:30:50,15046.14,15212.1
2023-10-23 16:50:34,DAX40 FULL0926,2.173374613003096,3.170804953560372,INVALIDÉE,-1.0,2023-10-24 00:36:29,14886.0,15209.0
2023-10-24 20:40:02,USD/CAD,2.381818181818136,5.399999999999912,INVALIDÉE,-1.0,2023-10-25 04:25:57,1.374,1.3685
2023-11-06 14:27:30,EUR/CHF,1.6315789473684057,7.2105263157894495,INVALIDÉE,-1.0,2023-11-06 22:13:25,0.9649,0.963
2023-11-08 16:56:21,CHF/JPY,1.3758865248226968,3.865248226950376,OBJECTIF ATTEINT,1.3758865248226968,2023-11-09 00:42:16,167.88,166.47
2023-11-10 21:25:40,EUR/CHF,1.4000000000000663,4.0,OBJECTIF ATTEINT,1.4000000000000663,2023-11-11 05:11:35,0.964,0.963
2023-11-13 04:26:09,USD/CAD,2.636363636363673,3.909090909090918,INVALIDÉE,-1.0,2023-11-13 12:12:04,1.3813,1.3791
2023-11-13 20:30:58,EUR/JPY,1.914893617021233,4.5106382978723,OBJECTIF ATTEINT,1.914893617021233,2023-11-14 04:16:53,162.27,161.8
2023-11-13 21:26:04,CHF/JPY,2.166666666666884,5.541666666667165,OBJECTIF ATTEINT,2.166666666666884,2023-11-14 05:11:59,168.23,167.99
2023-11-14 03:25:15,EUR/CHF,1.473684210526405,7.052631578947774,OBJECTIF ATTEINT,1.473684210526405,2023-11-14 11:11:10,0.9652,0.9633
2023-11-14 08:26:54,DAX40 PERF INDEX,1.973022615084372,6.822408449087307,OBJECTIF ATTEINT,1.973022615084372,2023-11-14 16:12:49,15357.16,15270.05
2023-11-15 18:50:57,USD/JPY,1.3589743589743437,2.735042735042688,INVALIDÉE,-1.0,2023-11-16 02:36:52,151.34,150.17
2023-11-17 20:30:54,AUD/USD,1.7500000000000868,4.875000000000217,OBJECTIF ATTEINT,1.7500000000000868,2023-11-18 04:16:49,0.6514,0.6498
2023-11-24 10:28:24,EUR/JPY,1.4800000000000182,2.6000000000000227,OBJECTIF ATTEINT,1.4800000000000182,2023-11-24 18:14:19,163.19,162.94
2023-11-27 11:27:18,AUD/JPY,1.9999999999998817,10.3333333333329,INVALIDÉE,-1.0,2023-11-27 19:13:13,98.4,98.28
2023-11-27 23:26:30,AUD/USD,2.111111111111036,5.9999999999998765,OBJECTIF ATTEINT,2.111111111111036,2023-11-28 07:12:25,0.6608,0.659
2023-11-28 17:31:19,EUR/JPY,2.142857142857008,4.666666666666441,OBJECTIF ATTEINT,2.142857142857008,2023-11-29 01:17:14,162.23,162.44
2023-11-28 21:25:47,NZD/USD,2.071428571428645,7.28571428571458,OBJECTIF ATTEINT,2.071428571428645,2023-11-29 05:11:42,0.6134,0.612
2023-12-01 09:28:32,NZD/USD,1.999999999999926,3.7999999999998817,INVALIDÉE,-1.0,2023-12-01 17:14:27,0.6178,0.6163
2023-12-03 21:24:23,USD/CHF,1.363636363636315,3.2121212121211165,INVALIDÉE,-1.0,2023-12-04 05:10:18,0.8684,0.8717
2023-12-06 08:28:06,DAX40 PERF INDEX,2.08534937983545,6.038683531867835,OBJECTIF ATTEINT,2.08534937983545,2023-12-06 16:14:01,16551.18,16469.75
2023-12-06 20:31:20,GBP/JPY,2.8600000000000136,3.2200000000000277,OBJECTIF ATTEINT,2.8600000000000136,2023-12-07 04:17:15,185.03,185.53
2023-12-10 22:23:53,EUR/GBP,1.583333333333372,2.66666666666679,INVALIDÉE,-1.0,2023-12-11 06:09:48,0.8582,0.857
2023-12-12 16:32:48,EUR/GBP,1.5000000000000555,3.6000000000000445,OBJECTIF ATTEINT,1.5000000000000555,2023-12-13 00:18:43,0.8599,0.8589
2023-12-14 08:27:23,EUR/GBP,1.9500000000000053,6.0499999999999945,INVALIDÉE,-1.0,2023-12-14 16:13:18,0.8629,0.8609
2023-12-19 05:26:10,AUD/USD,1.3823529411764983,1.7352941176470849,OBJECTIF ATTEINT,1.3823529411764983,2023-12-19 13:12:05,0.6725,0.6691
2023-12-20 14:47:59,NASDAQ100 INDEX,2.3290937996820027,7.679153418123911,INVALIDÉE,-1.0,2023-12-20 22:33:54,16774.58,16573.3
2023-12-20 16:33:49,EUR/USD,1.6521739130435118,4.4347826086957065,INVALIDÉE,-1.0,2023-12-21 00:19:44,1.0967,1.0944
2023-12-20 17:32:36,NASDAQ100 - MINI NASDAQ100 FULL0926,1.465107692307703,2.9052307692307604,INVALIDÉE,-1.0,2023-12-21 01:18:31,17047.5,16885.0
2023-12-20 18:30:33,USD/CAD,2.906250000000145,6.406250000000319,INVALIDÉE,-1.0,2023-12-21 02:16:28,1.3318,1.335
2023-12-20 18:31:04,EUR/JPY,1.4918032786885551,3.327868852459099,INVALIDÉE,-1.0,2023-12-21 02:16:59,157.66,157.05
2023-12-27 07:26:02,GBP/USD,2.153846153845957,4.307692307691913,INVALIDÉE,-1.0,2023-12-27 15:11:57,1.2734,1.2721
2024-01-02 18:29:52,AUD/USD,1.692307692307804,3.538461538461663,OBJECTIF ATTEINT,1.692307692307804,2024-01-03 02:15:47,0.677,0.6783
2024-01-02 22:24:50,GBP/JPY,1.358490566037794,2.830188679245353,INVALIDÉE,-1.0,2024-01-03 06:10:45,179.11,180.17
2024-01-04 17:30:45,GBP/CHF,1.8333333333331792,3.833333333332994,INVALIDÉE,-1.0,2024-01-05 01:16:40,1.08,1.0788
2024-01-07 23:25:42,USD/CAD,2.117647058823514,4.764705882352842,OBJECTIF ATTEINT,2.117647058823514,2024-01-08 07:11:37,1.3363,1.3346
2024-01-09 20:29:56,USD/CAD,2.4000000000000665,10.250000000000083,INVALIDÉE,-1.0,2024-01-10 04:15:51,1.3396,1.3376
2024-01-25 10:27:04,GBP/USD,2.5999999999999117,12.73333333333278,INVALIDÉE,-1.0,2024-01-25 18:12:59,1.2736,1.2721
2024-01-31 00:26:02,NZD/USD,1.500000000000222,3.300000000000444,INVALIDÉE,-1.0,2024-01-31 08:11:57,0.6134,0.6124
2024-02-01 06:25:22,AUD/USD,2.846153846153945,5.0000000000001705,INVALIDÉE,-1.0,2024-02-01 14:11:17,0.6538,0.6551
2024-02-01 06:25:49,EUR/USD,1.8500000000000167,8.149999999999983,INVALIDÉE,-1.0,2024-02-01 14:11:44,1.0801,1.0821
2024-02-02 17:54:27,NASDAQ100 - MINI NASDAQ100 FULL0926,1.3572298669072853,4.088292352808447,OBJECTIF ATTEINT,1.3572298669072853,2024-02-03 01:40:22,17741.25,17519.6
2024-02-06 09:27:52,NASDAQ100 - MINI NASDAQ100 FULL0926,1.621845044411219,3.37111951455461,INVALIDÉE,-1.0,2024-02-06 17:13:47,17747.25,17633.54
2024-02-07 08:26:55,DAX40 PERF INDEX,1.829796543426048,3.868300153139424,INVALIDÉE,-1.0,2024-02-07 16:12:50,17014.1,16968.39
2024-02-21 03:27:02,GBP/USD,2.499999999999762,3.999999999999683,INVALIDÉE,-1.0,2024-02-21 11:12:57,1.2634,1.262
2024-02-21 14:27:39,EUR/JPY,2.7037037037039533,7.037037037037532,OBJECTIF ATTEINT,2.7037037037039533,2024-02-21 22:13:34,162.23,161.96
2024-02-21 21:25:34,GBP/USD,1.4230769230767657,2.2307692307690203,OBJECTIF ATTEINT,1.4230769230767657,2024-02-22 05:11:29,1.2632,1.2606
2024-02-23 08:27:50,USD/JPY,1.4444444444443392,5.666666666666509,INVALIDÉE,-1.0,2024-02-23 16:13:45,150.63,150.45
2024-02-23 12:27:30,AUD/JPY,2.59375000000005,19.062500000000437,INVALIDÉE,-1.0,2024-02-23 20:13:25,98.94,98.62
2024-02-26 10:47:53,CHF/JPY,1.4942528735632237,3.954022988505724,INVALIDÉE,-1.0,2024-02-26 18:33:48,171.29,170.42
2024-03-05 21:26:26,EUR/USD,1.6315789473683473,6.947368421052521,OBJECTIF ATTEINT,1.6315789473683473,2024-03-06 05:12:21,1.0857,1.0838
2024-03-06 00:26:07,USD/CAD,2.93548387096789,6.8387096774196525,INVALIDÉE,-1.0,2024-03-06 08:12:02,1.3597,1.3566
2024-03-14 00:26:59,USD/CHF,2.166666666666646,4.888888888888779,OBJECTIF ATTEINT,2.166666666666646,2024-03-14 08:12:54,0.8787,0.8769
2024-03-14 22:25:16,NZD/USD,1.900000000000011,5.700000000000033,OBJECTIF ATTEINT,1.900000000000011,2024-03-15 06:11:11,0.6125,0.6135
2024-03-19 12:27:41,GBP/JPY,1.666666666666636,3.9569892473118062,OBJECTIF ATTEINT,1.666666666666636,2024-03-19 20:13:36,191.09,190.16
2024-03-20 08:27:36,NZD/USD,2.285714285714161,4.714285714285443,INVALIDÉE,-1.0,2024-03-20 16:13:31,0.604,0.6054
2024-03-20 19:32:59,EUR/CHF,2.545454545454591,12.181818181818263,OBJECTIF ATTEINT,2.545454545454591,2024-03-21 03:18:54,0.9676,0.9665
2024-03-21 14:59:14,USD/JPY,1.8854961832061028,4.22137404580152,OBJECTIF ATTEINT,1.8854961832061028,2024-03-21 22:45:09,151.48,150.17
2024-03-25 21:26:56,DAX40 FULL0926,1.5689655172413792,3.9827586206896552,OBJECTIF ATTEINT,1.5689655172413792,2024-03-26 05:12:51,18542.0,18484.0
2024-03-27 05:27:29,EUR/GBP,1.3846153846154372,3.3076923076924523,INVALIDÉE,-1.0,2024-03-27 13:13:24,0.8583,0.857
2024-03-28 00:26:01,NZD/USD,1.749999999999896,8.999999999999723,OBJECTIF ATTEINT,1.749999999999896,2024-03-28 08:11:56,0.5988,0.5996
2024-03-29 04:26:24,EUR/GBP,2.8888888888889026,8.555555555555488,INVALIDÉE,-1.0,2024-03-29 12:12:19,0.8536,0.8545
2024-04-09 17:30:56,DAX40 FULL0926,1.971830985915493,8.915492957746478,INVALIDÉE,-1.0,2024-04-10 01:16:51,18338.0,18409.0
2024-04-09 23:25:29,NZD/USD,2.2777777777777435,5.7222222222221335,INVALIDÉE,-1.0,2024-04-10 07:11:24,0.6065,0.6047
2024-04-12 07:27:49,NZD/USD,1.3571428571428006,5.642857142856882,OBJECTIF ATTEINT,1.3571428571428006,2024-04-12 15:13:44,0.5971,0.5985
2024-04-12 13:49:20,GBP/USD,2.013333333333302,5.626666666666622,INVALIDÉE,-1.0,2024-04-12 21:35:15,1.2466,1.2541
2024-04-17 09:27:29,CHF/JPY,1.970588235294061,4.970588235294061,INVALIDÉE,-1.0,2024-04-17 17:13:24,169.75,169.41
2024-04-24 02:26:07,NZD/USD,2.666666666666646,3.4999999999999383,INVALIDÉE,-1.0,2024-04-24 10:12:02,0.5947,0.5929
2024-04-24 18:31:56,USD/CHF,1.6153846153846485,5.9230769230771,INVALIDÉE,-1.0,2024-04-25 02:17:51,0.9144,0.9131
2024-04-24 19:36:39,EUR/USD,1.714285714285601,11.285714285713764,OBJECTIF ATTEINT,1.714285714285601,2024-04-25 03:22:34,1.0704,1.069
2024-04-24 20:26:10,AUD/JPY,1.499999999999973,6.230769230769126,OBJECTIF ATTEINT,1.499999999999973,2024-04-25 04:12:05,100.86,100.6
2024-04-25 03:24:55,AUD/USD,3.0,5.499999999999945,OBJECTIF ATTEINT,3.0,2024-04-25 11:10:50,0.65,0.649
2024-04-25 20:26:54,EUR/USD,2.7142857142857446,6.333333333333404,INVALIDÉE,-1.0,2024-04-26 04:12:49,1.0729,1.0708
2024-04-26 08:27:56,NZD/USD,2.9999999999997224,8.333333333332716,INVALIDÉE,-1.0,2024-04-26 16:13:51,0.5964,0.5952
2024-04-29 11:28:21,NZD/USD,1.499999999999979,3.3076923076922684,INVALIDÉE,-1.0,2024-04-29 19:14:16,0.5978,0.5952
2024-05-03 08:29:07,EUR/USD,1.5714285714284808,8.499999999999604,OBJECTIF ATTEINT,1.5714285714284808,2024-05-03 16:15:02,1.0743,1.0729
2024-05-10 02:27:16,EUR/GBP,1.8888888888889024,5.44444444444439,INVALIDÉE,-1.0,2024-05-10 10:13:11,0.861,0.8601
2024-05-13 10:28:33,GBP/JPY,1.390243902439089,3.926829268292749,OBJECTIF ATTEINT,1.390243902439089,2024-05-13 18:14:28,195.26,194.85
2024-05-15 14:34:35,NZD/USD,1.8000000000000889,5.93333333333356,OBJECTIF ATTEINT,1.8000000000000889,2024-05-15 22:20:30,0.6079,0.6064
2024-05-16 12:28:00,GBP/CHF,1.4999999999999307,2.3124999999999565,OBJECTIF ATTEINT,1.4999999999999307,2024-05-16 20:13:55,1.1434,1.1418
2024-05-16 12:28:15,EUR/CHF,1.8181818181818368,9.272727272727346,OBJECTIF ATTEINT,1.8181818181818368,2024-05-16 20:14:10,0.9815,0.9804
2024-05-16 13:48:42,GBP/JPY,1.414634146341471,11.9512195121952,OBJECTIF ATTEINT,1.414634146341471,2024-05-16 21:34:37,196.65,195.83
2024-05-27 08:28:39,NZD/USD,2.2499999999998264,7.749999999999757,OBJECTIF ATTEINT,2.2499999999998264,2024-05-27 16:14:34,0.6135,0.6127
2024-05-28 07:28:06,EUR/USD,1.5000000000002776,9.62500000000111,INVALIDÉE,-1.0,2024-05-28 15:14:01,1.0876,1.0868
2024-06-03 19:31:31,CHF/JPY,1.888888888888936,3.7777777777778185,INVALIDÉE,-1.0,2024-06-04 03:17:26,174.34,173.8
2024-06-04 09:27:03,DAX40 PERF INDEX,2.286354470087312,3.2949809545148314,INVALIDÉE,-1.0,2024-06-04 17:12:58,18403.23,18492.49
2024-06-05 21:25:35,NZD/USD,2.000000000000101,6.181818181818264,INVALIDÉE,-1.0,2024-06-06 05:11:30,0.6193,0.6182
2024-06-06 19:31:20,GBP/USD,2.0769230769234186,3.384615384615897,INVALIDÉE,-1.0,2024-06-07 03:17:15,1.2791,1.2778
2024-06-07 18:32:58,USD/JPY,2.0624999999999445,6.562500000000034,OBJECTIF ATTEINT,2.0624999999999445,2024-06-08 02:18:53,156.68,156.52
2024-06-13 10:29:26,GBP/CHF,2.5833333333332256,3.916666666666312,INVALIDÉE,-1.0,2024-06-13 18:15:21,1.1452,1.144
2024-06-17 08:29:26,S&P500 - MINI S&P500 FULL0926,2.090270270270274,4.558378378378374,OBJECTIF ATTEINT,2.090270270270274,2024-06-17 16:15:21,5509.0,5490.5
2024-06-26 05:26:06,USD/JPY,1.550000000000026,3.0500000000000496,OBJECTIF ATTEINT,1.550000000000026,2024-06-26 13:12:01,159.79,159.19
2024-06-28 20:26:57,EUR/JPY,2.8888888888888364,13.722222222221696,OBJECTIF ATTEINT,2.8888888888888364,2024-06-29 04:12:52,172.35,172.17
2024-06-28 21:26:18,EUR/CHF,1.4285714285714513,1.7428571428571673,OBJECTIF ATTEINT,1.4285714285714513,2024-06-29 05:12:13,0.963,0.9595
2024-06-30 21:24:19,EUR/GBP,1.6363636363634069,6.363636363635685,INVALIDÉE,-1.0,2024-07-01 05:10:14,0.8493,0.8482
2024-07-01 07:27:52,DAX40 PERF INDEX,1.4599463395937116,4.55193560751244,INVALIDÉE,-1.0,2024-07-01 15:13:47,18414.18,18362.0
2024-07-01 12:29:04,DAX40 PERF INDEX,1.410691003911301,2.813037809647903,INVALIDÉE,-1.0,2024-07-01 20:14:59,18328.06,18213.01
2024-07-01 20:26:25,EUR/GBP,1.900000000000011,7.099999999999989,INVALIDÉE,-1.0,2024-07-02 04:12:20,0.8492,0.8482
2024-07-02 22:26:36,GBP/USD,1.6111111111111591,8.111111111111098,OBJECTIF ATTEINT,1.6111111111111591,2024-07-03 06:12:31,1.2689,1.2671
2024-07-04 02:44:59,GBP/USD,1.4285714285714537,6.079365079365107,OBJECTIF ATTEINT,1.4285714285714537,2024-07-04 10:30:54,1.2745,1.2682
2024-07-07 23:42:19,NZD/USD,1.394736842105316,3.078947368421133,INVALIDÉE,-1.0,2024-07-08 07:28:14,0.6144,0.6106
2024-07-08 03:25:48,NZD/USD,2.2380952380952657,5.285714285714309,INVALIDÉE,-1.0,2024-07-08 11:11:43,0.615,0.6129
2024-07-08 10:28:39,DAX40 FULL0926,1.3703703703703705,5.641975308641976,INVALIDÉE,-1.0,2024-07-08 18:14:34,18712.0,18631.0
2024-07-15 06:26:16,USD/CAD,1.4736842105265495,4.052631578947836,OBJECTIF ATTEINT,1.4736842105265495,2024-07-15 14:12:11,1.3659,1.364
2024-07-17 09:28:30,USD/CHF,2.2000000000000712,2.760000000000065,OBJECTIF ATTEINT,2.2000000000000712,2024-07-17 17:14:25,0.889,0.8915
2024-07-17 18:33:03,AUD/USD,1.3999999999999555,2.799999999999911,INVALIDÉE,-1.0,2024-07-18 02:18:58,0.6728,0.6738
2024-07-31 18:32:49,DAX40 FULL0926,1.6174534511943357,2.6894865525673253,INVALIDÉE,-1.0,2024-08-01 07:00:00,18631.0,18577.83
2024-08-01 16:56:57,USD/CAD,2.825000000000001,5.650000000000002,INVALIDÉE,-1.0,2024-08-07 11:00:00,1.3856,1.3736
2024-08-05 00:25:42,USD/JPY,1.6249999999998337,5.374999999999634,OBJECTIF ATTEINT,9.659371948241505,2024-08-05 01:00:00,145.29,145.61
2024-08-05 07:27:20,DAX40 PERF INDEX,1.8925167202063995,4.601032176523169,INVALIDÉE,-1.0,2024-08-05 14:00:00,17145.44,17335.33
2024-08-06 12:28:06,GBP/CHF,2.0,4.652173913043512,INVALIDÉE,-1.0,2024-08-06 14:00:00,1.0824,1.0847
2024-08-08 21:24:59,AUD/JPY,2.411764705882309,7.05882352941171,INVALIDÉE,-1.0,2024-08-09 00:00:00,97.08,96.91
2024-08-08 21:25:12,USD/JPY,2.6122448979591377,5.979591836734539,INVALIDÉE,-1.0,2024-08-09 05:00:00,147.24,146.75
2024-08-09 05:25:08,NZD/USD,2.0555555555555487,6.055555555555487,INVALIDÉE,-1.0,2024-08-09 12:00:00,0.6028,0.601
2024-08-14 09:27:57,AUD/JPY,2.952380952381062,7.333333333333582,INVALIDÉE,-1.0,2024-08-14 10:00:00,97.66,97.45
2024-08-15 20:26:12,CHF/JPY,2.181818181818276,5.636363636363707,INVALIDÉE,-1.0,2024-08-16 11:00:00,170.95,170.73
2024-08-16 05:25:03,AUD/USD,1.3928571428571357,2.392857142857136,OBJECTIF ATTEINT,2.2809036391121884,2024-08-16 18:00:00,0.6633,0.6605
2024-08-16 08:50:19,GBP/USD,1.9500000000000053,3.9500000000000055,OBJECTIF ATTEINT,3.805929025014269,2024-08-20 08:00:00,1.2891,1.2831
2024-08-21 22:32:03,NZD/USD,2.571428571428685,7.14285714285737,INVALIDÉE,-1.0,2024-08-22 02:00:00,0.6161,0.6147
2024-08-22 07:27:23,USD/CAD,1.9629629629628045,4.5925925925923305,INVALIDÉE,-1.0,2024-08-22 13:00:00,1.3578,1.3605
2024-08-30 15:34:38,GBP/JPY,1.7500000000002072,5.875000000000459,OBJECTIF ATTEINT,5.895827229818216,2024-08-30 19:00:00,191.51,191.27
2024-09-02 18:24:59,GBP/CHF,1.666666666666568,10.133333333333017,INVALIDÉE,-1.0,2024-09-02 21:00:00,1.1193,1.1178
2024-09-06 09:27:04,EUR/GBP,1.8181818181818368,2.636363636363673,INVALIDÉE,-1.0,2024-09-06 12:00:00,0.8439,0.8428
2024-09-09 14:37:18,EUR/JPY,2.6666666666666825,4.483333333333372,INVALIDÉE,-1.0,2024-09-09 23:00:00,157.5,158.1
2024-09-09 16:32:58,CHF/JPY,2.3799999999999955,3.3600000000000136,INVALIDÉE,-1.0,2024-09-10 06:00:00,168.53,169.03
2024-09-16 19:31:52,AUD/USD,1.6153846153846485,3.7692307692308735,OBJECTIF ATTEINT,5.712533422617013,2024-09-17 07:00:00,0.6746,0.6733
2024-09-16 20:26:04,DAX40 FULL0926,1.872340425531915,5.840425531914893,OBJECTIF ATTEINT,5.873395944148951,2024-09-19 07:00:00,18724.0,18677.0
2024-09-18 06:39:30,AUD/USD,1.411764705882378,5.514705882353021,OBJECTIF ATTEINT,5.385117065205362,2024-09-24 04:00:00,0.6768,0.67
2024-09-18 09:28:05,GBP/JPY,1.6865671641791715,3.462686567164276,OBJECTIF ATTEINT,3.8186470601096802,2024-09-18 23:00:00,187.2,186.53
2024-09-19 02:25:27,GBP/CHF,1.9411764705881125,8.470588235293926,OBJECTIF ATTEINT,8.338204843857413,2024-09-19 09:00:00,1.1201,1.1184
2024-09-19 04:24:18,AUD/USD,1.4761904761904006,3.523809523809335,OBJECTIF ATTEINT,3.5256576810562064,2024-09-19 06:00:00,0.679,0.6769
2024-09-19 04:24:42,CHF/JPY,1.5000000000000615,5.804347826087249,INVALIDÉE,-1.0,2024-09-19 06:00:00,168.76,168.3
2024-09-19 15:34:31,GBP/USD,1.6875000000000433,8.499999999999792,OBJECTIF ATTEINT,8.866046166419752,2024-09-20 03:00:00,1.3271,1.3255
2024-09-20 07:27:52,GBP/JPY,2.5749999999999664,5.224999999999934,OBJECTIF ATTEINT,5.464988708496031,2024-09-20 11:00:00,190.79,190.39
2024-09-20 09:27:45,AUD/JPY,1.8571428571429152,8.19047619047643,OBJECTIF ATTEINT,8.116664050874522,2024-09-20 11:00:00,97.89,97.68
2024-09-20 13:28:03,USD/CHF,2.0,4.599999999999933,OBJECTIF ATTEINT,4.719984436035158,2024-09-20 14:00:00,0.8487,0.8477
2024-09-23 15:34:20,AUD/JPY,2.8437500000000946,7.906250000000172,INVALIDÉE,-1.0,2024-09-23 16:00:00,98.6,98.28
2024-09-23 17:30:53,AUD/USD,2.5714285714284806,10.999999999999524,INVALIDÉE,-1.0,2024-09-23 20:00:00,0.6846,0.6839
2024-09-24 06:25:45,GBP/CHF,1.409090909090969,6.545454545454591,OBJECTIF ATTEINT,7.304531236128485,2024-09-24 08:00:00,1.1314,1.1292
2024-09-24 09:53:56,AUD/USD,1.9400000000000064,5.960000000000004,INVALIDÉE,-1.0,2024-10-04 12:00:00,0.6845,0.6795
2024-09-26 03:26:07,EUR/JPY,1.5789473684209818,5.473684210526339,INVALIDÉE,-1.0,2024-09-26 04:00:00,161.37,161.18
2024-09-26 09:29:01,EUR/JPY,2.4166666666667784,7.194444444444749,INVALIDÉE,-1.0,2024-09-26 10:00:00,161.54,161.18
2024-09-26 22:33:50,USD/JPY,1.6304347826086674,3.934782608695589,INVALIDÉE,-1.0,2024-09-27 06:00:00,144.94,144.48
2024-10-01 13:28:21,EUR/GBP,1.363636363636428,6.454545454545509,INVALIDÉE,-1.0,2024-10-01 14:00:00,0.8315,0.8326
2024-10-03 04:26:26,AUD/USD,2.307692307692367,3.692307692307804,OBJECTIF ATTEINT,5.410861440805455,2024-10-03 14:00:00,0.6866,0.6879
2024-10-10 04:26:18,EUR/CHF,1.5000000000000395,2.428571428571553,INVALIDÉE,-1.0,2024-10-10 06:00:00,0.9417,0.9403
2024-10-16 21:26:37,USD/CHF,2.823529411764848,6.823529411765044,INVALIDÉE,-1.0,2024-10-16 22:00:00,0.8654,0.8637
2024-10-21 04:27:03,USD/CAD,1.4545454545454086,3.0,OBJECTIF ATTEINT,2.8545582164418977,2024-10-21 15:00:00,1.3807,1.3785
2024-10-22 09:28:29,AUD/JPY,1.399999999999905,11.199999999999529,OBJECTIF ATTEINT,11.589986165364069,2024-10-23 00:00:00,100.84,100.69
2024-10-22 17:32:37,NASDAQ100 INDEX,2.6219291014014283,5.6295136026379575,INVALIDÉE,-1.0,2024-10-23 13:30:00,20333.95,20273.3
2024-10-22 23:26:21,CHF/JPY,2.341463414633953,6.487804878048377,OBJECTIF ATTEINT,6.367070491139074,2024-10-23 05:00:00,174.58,174.17
2024-10-25 21:26:23,GBP/JPY,1.418604651162734,7.279069767441735,OBJECTIF ATTEINT,7.352330691315178,2024-10-28 00:00:00,197.52,197.09
2024-10-28 04:26:37,EUR/CHF,1.5624999999999218,6.874999999999809,INVALIDÉE,-1.0,2024-10-28 07:00:00,0.9381,0.9365
2024-10-30 04:27:04,NZD/USD,2.1600000000000747,3.1200000000000783,INVALIDÉE,-1.0,2024-10-30 07:00:00,0.5955,0.598
2024-10-31 08:29:56,DAX40 PERF INDEX,2.234825870646752,5.031442786069614,INVALIDÉE,-1.0,2024-10-31 10:00:00,19122.19,19172.44
2024-11-06 08:29:47,GBP/JPY,2.297297297297254,3.540540540540503,OBJECTIF ATTEINT,3.439197107263485,2024-11-06 16:00:00,198.5,198.13
2024-11-13 18:34:09,GBP/USD,1.5333333333332544,9.533333333332958,OBJECTIF ATTEINT,9.91425247192334,2024-11-14 04:00:00,1.2704,1.2719
2024-11-19 22:26:28,AUD/USD,1.687499999999974,4.187499999999905,INVALIDÉE,-1.0,2024-11-20 09:00:00,0.6531,0.6515
2024-11-21 17:36:30,EUR/GBP,1.692307692307804,3.538461538461663,OBJECTIF ATTEINT,4.042322731018247,2024-11-22 09:00:00,0.8322,0.8335
2024-11-26 11:30:16,EUR/GBP,1.8888888888889024,4.44444444444439,INVALIDÉE,-1.0,2024-11-26 12:00:00,0.8356,0.8347
2024-11-26 19:34:22,GBP/JPY,2.04477611940303,3.4179104477612885,OBJECTIF ATTEINT,3.958954130713689,2024-11-27 09:00:00,192.21,192.88
2024-11-29 17:37:31,GBP/CHF,2.153846153845957,10.84615384615319,OBJECTIF ATTEINT,10.849979899478974,2024-12-02 08:00:00,1.1206,1.1193
2024-12-02 10:31:53,CHF/JPY,2.530612244897931,5.55102040816316,OBJECTIF ATTEINT,5.837761828364054,2024-12-02 16:00:00,169.69,170.18
2024-12-03 13:32:15,USD/JPY,1.8227848101265975,3.329113924050661,INVALIDÉE,-1.0,2024-12-04 07:00:00,149.38,150.17
2024-12-05 14:32:19,USD/JPY,1.5238095238094336,6.214285714285444,INVALIDÉE,-1.0,2024-12-05 16:00:00,150.59,150.17
2024-12-05 20:36:12,CHF/JPY,1.6666666666666967,3.730158730158748,OBJECTIF ATTEINT,4.350006781684039,2024-12-09 15:00:00,170.81,170.18
2024-12-05 23:41:40,EUR/JPY,1.6764705882352573,4.264705882352865,INVALIDÉE,-1.0,2024-12-06 00:00:00,158.99,158.65
2024-12-10 20:35:39,GBP/JPY,1.4561403508772324,3.245614035087798,INVALIDÉE,-1.0,2024-12-11 07:00:00,193.98,193.41
2024-12-11 15:04:15,EUR/GBP,2.7205882352941613,6.6911764705883305,INVALIDÉE,-1.0,2024-12-13 10:00:00,0.8232,0.83
2024-12-12 17:35:44,USD/CHF,1.5882352941176028,3.5882352941175704,OBJECTIF ATTEINT,3.7735308030071444,2024-12-13 09:00:00,0.8887,0.8853
2024-12-12 18:35:18,NASDAQ100 INDEX,1.5741249552025065,4.196631226854652,OBJECTIF ATTEINT,4.560686447258449,2024-12-13 14:30:00,21710.02,21626.31
2024-12-12 19:38:26,USD/JPY,1.84375000000005,4.250000000000133,OBJECTIF ATTEINT,4.218734359741295,2024-12-13 08:00:00,152.5,152.18
2024-12-13 17:36:32,AUD/USD,1.636363636363572,5.454545454545509,INVALIDÉE,-1.0,2024-12-13 21:00:00,0.6354,0.6365
2024-12-16 23:40:49,USD/CHF,2.869565217391365,5.347826086956585,INVALIDÉE,-1.0,2024-12-17 17:00:00,0.8943,0.892
2024-12-16 23:40:51,EUR/CHF,1.3999999999999408,5.933333333333121,INVALIDÉE,-1.0,2024-12-17 15:00:00,0.9402,0.9387
2024-12-17 00:29:01,AUD/JPY,2.095238095238147,6.333333333333514,INVALIDÉE,-1.0,2024-12-17 02:00:00,98.27,98.06
2024-12-23 07:31:11,EUR/JPY,1.8787878787879837,8.30303030303073,INVALIDÉE,-1.0,2024-12-23 08:00:00,163.51,163.18
2024-12-23 21:28:34,EUR/JPY,1.968750000000028,8.593750000000183,INVALIDÉE,-1.0,2024-12-24 03:00:00,163.5,163.18
2025-01-01 18:27:12,GBP/CHF,1.4285714285715871,7.000000000000793,INVALIDÉE,-1.0,2025-01-01 19:00:00,1.136,1.1346
2025-01-02 11:33:01,EUR/USD,3.0000000000000964,8.347826086956681,OBJECTIF ATTEINT,3.0000000000000964,2025-01-02 16:00:00,1.0321,1.0344
2025-01-06 08:31:31,AUD/JPY,2.066666666666509,7.66666666666632,OBJECTIF ATTEINT,8.176672363281032,2025-01-06 11:00:00,98.43,98.28
2025-01-06 17:09:08,GBP/JPY,1.6544117647059002,3.904411764705927,INVALIDÉE,-1.0,2025-01-08 11:00:00,197.19,195.83
2025-01-07 05:28:06,AUD/USD,2.9285714285715136,3.9285714285715927,INVALIDÉE,-1.0,2025-01-07 15:00:00,0.6261,0.6247
2025-01-08 08:31:48,EUR/CHF,1.5999999999999337,2.900000000000011,INVALIDÉE,-1.0,2025-01-08 09:00:00,0.9412,0.9402
2025-01-13 04:29:13,EUR/CHF,2.166666666666744,3.583333333333372,INVALIDÉE,-1.0,2025-01-13 16:00:00,0.9373,0.9385
2025-01-16 12:57:50,DAX40 PERF INDEX,1.4900999434282636,3.525080143315129,OBJECTIF ATTEINT,3.993552293513131,2025-01-20 13:00:00,20638.39,20426.27
2025-01-21 18:39:14,GBP/JPY,1.848484848484979,3.7878787878789706,OBJECTIF ATTEINT,3.695471931226544,2025-01-22 05:00:00,191.79,191.46
2025-01-21 20:35:47,NASDAQ100 - MINI NASDAQ100 FULL0926,1.4178403755868545,4.262910798122066,OBJECTIF ATTEINT,4.4394341744913834,2025-02-13 15:30:00,21727.0,21567.25
2025-01-22 05:30:07,CHF/JPY,1.5116279069768332,3.1627906976746094,OBJECTIF ATTEINT,3.0127906976745793,2025-01-22 16:00:00,171.89,171.46
2025-01-30 07:28:38,USD/CAD,2.0,5.263157894736811,INVALIDÉE,-1.0,2025-01-30 08:00:00,1.4434,1.4415
2025-01-31 08:33:22,USD/CHF,2.700000000000033,10.900000000000013,INVALIDÉE,-1.0,2025-01-31 13:00:00,0.9105,0.9095
2025-01-31 11:33:44,USD/CAD,1.6956521739130728,4.3913043478261455,INVALIDÉE,-1.0,2025-01-31 12:00:00,1.4495,1.4472
2025-01-31 13:34:05,DAX40 FULL0926,1.513174775486027,5.3949472022104885,INVALIDÉE,-1.0,2025-01-31 14:00:00,21885.0,21783.67
2025-02-06 03:49:47,AUD/JPY,1.8909090909090864,7.10909090909094,INVALIDÉE,-1.0,2025-02-11 15:00:00,95.33,95.88
2025-02-06 11:34:28,GBP/CHF,2.117647058823514,6.058823529411627,INVALIDÉE,-1.0,2025-02-06 17:00:00,1.1245,1.1262
2025-02-10 04:44:37,AUD/JPY,1.4090909090909052,5.757575757575783,INVALIDÉE,-1.0,2025-02-11 15:00:00,95.22,95.88
2025-02-10 18:34:38,NASDAQ100 INDEX,2.934714167356927,5.453189726594642,INVALIDÉE,-1.0,2025-02-11 14:30:00,21767.56,21707.21
2025-02-11 00:00:02,GBP/JPY,1.614457831325318,3.28915662650606,INVALIDÉE,-1.0,2025-02-11 23:00:00,187.61,190.1
2025-02-13 00:29:19,EUR/USD,1.3749999999999654,6.875000000000104,OBJECTIF ATTEINT,9.385961469014658,2025-02-13 04:00:00,1.0397,1.0373
2025-02-13 03:31:46,GBP/CHF,2.400000000000053,3.960000000000092,INVALIDÉE,-1.0,2025-02-13 08:00:00,1.1378,1.1353
2025-02-13 06:29:50,NASDAQ100 - MINI NASDAQ100 FULL0926,1.9922931739539915,7.793331236237597,INVALIDÉE,-1.0,2025-02-13 14:30:00,21912.5,21848.92
2025-02-17 22:29:46,GBP/USD,2.333333333333388,7.444444444444654,INVALIDÉE,-1.0,2025-02-18 04:00:00,1.2623,1.2596
2025-02-21 19:35:21,DAX40 FULL0926,2.036489361702131,4.287234042553192,INVALIDÉE,-1.0,2025-02-24 08:00:00,22235.0,22329.0
2025-02-26 05:31:04,CHF/JPY,1.743589743589822,4.230769230769393,INVALIDÉE,-1.0,2025-02-26 09:00:00,167.22,166.83
2025-03-04 21:29:02,CHF/JPY,2.439024390243923,3.634146341463467,INVALIDÉE,-1.0,2025-03-05 11:00:00,168.41,168.0
2025-03-06 20:59:43,DAX40 FULL0926,2.912826855123681,6.617208480565365,INVALIDÉE,-1.0,2025-03-07 13:00:00,23225.0,22942.0
2025-03-12 18:33:15,GBP/CHF,2.769230769230467,4.538461538461275,INVALIDÉE,-1.0,2025-03-12 20:00:00,1.1444,1.1431
2025-03-13 07:54:00,S&P500 - MINI S&P500 FULL0926,1.9253731343283584,2.601279317697228,INVALIDÉE,-1.0,2025-03-17 17:30:00,5574.25,5691.5
2025-03-14 20:27:53,AUD/USD,2.058823529411692,7.823529411764533,OBJECTIF ATTEINT,8.261126753862984,2025-03-17 14:00:00,0.6329,0.6312
2025-03-17 04:27:42,GBP/JPY,1.7857142857142785,4.964285714285645,OBJECTIF ATTEINT,4.878590611048931,2025-03-17 12:00:00,192.61,192.33
2025-03-17 09:32:01,AUD/JPY,1.687500000000011,7.062500000000123,INVALIDÉE,-1.0,2025-03-17 10:00:00,94.45,94.29
2025-03-17 09:32:09,NZD/USD,2.909090909090918,9.181818181818263,OBJECTIF ATTEINT,10.270721227472588,2025-03-17 15:00:00,0.5775,0.5764
2025-03-17 16:38:13,CHF/JPY,2.188679245283008,5.056603773584908,OBJECTIF ATTEINT,4.906608380011807,2025-03-18 03:00:00,168.76,168.23
2025-03-18 19:35:09,EUR/USD,2.129032258064426,5.38709677419335,INVALIDÉE,-1.0,2025-03-19 07:00:00,1.0944,1.0913
2025-03-26 13:31:58,USD/CHF,2.1111111111113576,10.6666666666679,INVALIDÉE,-1.0,2025-03-26 14:00:00,0.8845,0.8836
2025-03-27 17:34:39,USD/JPY,1.499999999999921,3.0277777777775934,INVALIDÉE,-1.0,2025-03-28 01:00:00,151.11,150.75
2025-03-28 08:33:34,S&P500 - MINI S&P500 FULL0926,2.1408955223880404,4.029850746268656,OBJECTIF ATTEINT,5.925209888059713,2025-03-28 13:30:00,5718.5,5735.25
2025-04-02 08:30:57,CHF/JPY,1.9166666666666272,5.499999999999763,INVALIDÉE,-1.0,2025-04-02 13:00:00,169.12,169.36
2025-04-03 05:51:36,AUD/JPY,1.7500000000000022,3.5975609756097584,OBJECTIF ATTEINT,3.499389685654064,2025-04-04 10:00:00,92.65,94.29
2025-04-03 07:31:01,AUD/USD,2.2857142857142403,4.142857142856961,OBJECTIF ATTEINT,5.776785877772454,2025-04-03 08:00:00,0.6302,0.6295
2025-04-03 07:31:59,NZD/USD,1.8000000000000222,5.4500000000000055,OBJECTIF ATTEINT,5.981396675109879,2025-04-03 09:00:00,0.5767,0.5747
2025-04-03 11:30:23,NZD/USD,2.321428571428665,4.464285714285876,INVALIDÉE,-1.0,2025-04-04 01:00:00,0.5811,0.5783
2025-04-04 08:30:33,EUR/JPY,3.0000000000001723,8.81818181818232,OBJECTIF ATTEINT,3.0000000000001723,2025-04-04 10:00:00,161.05,161.38
2025-04-07 02:26:54,CHF/JPY,1.714285714285671,8.999999999999899,OBJECTIF ATTEINT,9.64998125348765,2025-04-07 07:00:00,170.96,170.68
2025-04-07 05:48:27,EUR/USD,2.264150943396288,4.094339622641627,OBJECTIF ATTEINT,4.305187347700154,2025-04-10 12:00:00,1.0991,1.0938
2025-04-08 17:33:49,GBP/CHF,2.305555555555518,3.555555555555487,OBJECTIF ATTEINT,3.7416684786478256,2025-04-09 04:00:00,1.0866,1.0902
2025-04-09 08:30:39,EUR/GBP,1.454545454545459,6.409090909090969,INVALIDÉE,-1.0,2025-04-09 17:00:00,0.8608,0.8586
2025-04-10 21:53:19,EUR/GBP,2.395833333333389,6.7500000000001386,INVALIDÉE,-1.0,2025-04-15 06:00:00,0.8634,0.8586
2025-04-11 18:36:15,CHF/JPY,1.8653846153845768,2.3846153846153006,INVALIDÉE,-1.0,2025-04-13 23:00:00,176.15,175.63
2025-04-14 11:31:26,EUR/JPY,1.4999999999999392,2.314285714285624,INVALIDÉE,-1.0,2025-04-14 15:00:00,163.08,162.38
2025-04-15 09:29:51,AUD/USD,2.5294117647058134,3.705882352941084,INVALIDÉE,-1.0,2025-04-15 21:00:00,0.6359,0.6342
2025-04-15 23:51:05,EUR/USD,1.7555555555555795,4.233333333333384,OBJECTIF ATTEINT,4.225599246554942,2025-04-20 23:00:00,1.1298,1.1208
2025-04-15 23:51:08,GBP/USD,1.8207547169811509,4.518867924528331,OBJECTIF ATTEINT,4.451413043040184,2025-04-28 19:00:00,1.3234,1.3128
2025-04-16 21:28:03,USD/CHF,2.952380952380957,6.25396825396828,INVALIDÉE,-1.0,2025-04-17 07:00:00,0.8127,0.819
2025-04-16 22:57:55,NZD/USD,1.4333333333333222,2.7833333333333203,OBJECTIF ATTEINT,2.840996662775668,2025-04-22 03:00:00,0.5936,0.5876
2025-04-16 23:28:51,AUD/USD,2.5555555555557063,6.666666666666996,INVALIDÉE,-1.0,2025-04-17 01:00:00,0.6376,0.6358
2025-04-17 18:35:28,NZD/USD,1.516129032258045,3.096774193548377,INVALIDÉE,-1.0,2025-04-18 02:00:00,0.5975,0.5944
2025-04-20 20:25:28,EUR/USD,1.5675675675676537,3.3513513513515103,OBJECTIF ATTEINT,3.346685595125871,2025-04-20 23:00:00,1.1398,1.1361
2025-04-21 03:26:47,NASDAQ100 - MINI NASDAQ100 FULL0926,2.342887076255327,4.479233705006337,OBJECTIF ATTEINT,4.334382600276851,2025-04-21 13:30:00,18225.75,18359.38
2025-04-21 08:48:32,USD/CAD,2.371794871794858,4.730769230769204,INVALIDÉE,-1.0,2025-04-23 15:00:00,1.3795,1.3873
2025-04-24 16:40:03,USD/CAD,1.7142857142857444,4.0,INVALIDÉE,-1.0,2025-04-24 17:00:00,1.3894,1.3873
2025-04-30 10:38:02,S&P500 - MINI S&P500 FULL0926,1.4477611940298507,7.517611940298511,INVALIDÉE,-1.0,2025-04-30 13:30:00,5573.0,5556.25
2025-05-01 10:27:45,CHF/JPY,1.3793103448276436,5.275862068965666,OBJECTIF ATTEINT,5.267259479391346,2025-05-01 17:00:00,174.6,174.31
2025-05-05 12:29:44,AUD/USD,2.1904761904761703,5.333333333333351,INVALIDÉE,-1.0,2025-05-05 15:00:00,0.6491,0.647
2025-05-05 17:33:41,EUR/CHF,1.789473684210551,3.6315789473684057,INVALIDÉE,-1.0,2025-05-06 07:00:00,0.9311,0.933
2025-05-06 04:28:50,NZD/USD,1.4285714285713609,3.2857142857140818,OBJECTIF ATTEINT,3.5301607949390985,2025-05-06 07:00:00,0.5977,0.597
2025-05-08 14:40:33,NASDAQ100 INDEX,1.7284210526315815,3.933541963015645,OBJECTIF ATTEINT,4.553228129445231,2025-05-12 13:30:00,19984.06,19808.31
2025-05-09 09:30:11,DAX40 FULL0926,1.3593867361816634,3.916095966067224,OBJECTIF ATTEINT,3.8946247597534325,2025-05-12 07:00:00,23564.0,23337.67
2025-05-09 12:33:32,DAX40 PERF INDEX,1.779042200094797,8.503556187766662,OBJECTIF ATTEINT,8.466993020981464,2025-05-12 07:00:00,23503.84,23419.48
2025-05-09 15:35:49,GBP/CHF,1.8947368421052757,5.421052631578898,OBJECTIF ATTEINT,5.407864038567755,2025-05-11 23:00:00,1.1036,1.1017
2025-05-11 20:25:25,AUD/JPY,2.1739130434782235,6.391304347825972,OBJECTIF ATTEINT,7.484772259255982,2025-05-12 07:00:00,93.79,93.56
2025-05-12 00:27:41,S&P500 - MINI S&P500 FULL0926,1.926688632619438,4.55793520043931,OBJECTIF ATTEINT,4.4444557420373405,2025-05-12 13:30:00,5746.5,5710.08
2025-05-12 00:27:43,EUR/JPY,1.6666666666665089,4.444444444444181,OBJECTIF ATTEINT,4.594476318359205,2025-05-12 01:00:00,163.83,163.65
2025-05-12 05:28:29,USD/JPY,1.6093749999999647,3.765624999999908,OBJECTIF ATTEINT,3.82031784057606,2025-05-12 07:00:00,146.05,145.41
2025-05-12 05:28:34,USD/CHF,3.0,6.799999999999911,OBJECTIF ATTEINT,11.209987831115699,2025-05-12 07:00:00,0.8344,0.8334
2025-05-12 06:31:11,EUR/JPY,2.0625000000000333,4.562500000000123,OBJECTIF ATTEINT,4.468743896484468,2025-05-12 09:00:00,163.97,163.65
2025-05-13 20:29:58,GBP/JPY,2.6744186046513105,7.348837209302687,INVALIDÉE,-1.0,2025-05-14 01:00:00,196.26,195.83
2025-05-16 02:29:00,USD/CHF,1.7142857142857444,2.904761904761968,INVALIDÉE,-1.0,2025-05-16 08:00:00,0.8332,0.8353
2025-05-16 03:27:48,GBP/USD,2.933333333333777,5.866666666667407,INVALIDÉE,-1.0,2025-05-16 09:00:00,1.3315,1.33
2025-05-20 05:26:50,CHF/JPY,2.909090909091073,8.636363636364036,INVALIDÉE,-1.0,2025-05-20 09:00:00,173.37,173.7
2025-05-20 13:30:15,DAX40 FULL0926,1.831932773109244,4.663865546218488,INVALIDÉE,-1.0,2025-05-20 14:00:00,24136.0,24017.0
2025-05-20 20:28:36,USD/CAD,1.9523809523809572,4.761904761904787,OBJECTIF ATTEINT,4.707163837977793,2025-05-21 10:00:00,1.3914,1.3935
2025-05-21 16:33:50,AUD/USD,2.2000000000000592,6.800000000000237,INVALIDÉE,-1.0,2025-05-21 17:00:00,0.6463,0.6448
2025-05-26 02:30:07,USD/JPY,1.660000000000025,2.920000000000016,INVALIDÉE,-1.0,2025-05-26 07:00:00,142.31,142.81
2025-05-28 08:33:10,DAX40 PERF INDEX,1.9863102998696,4.961103867883484,INVALIDÉE,-1.0,2025-05-28 09:00:00,24288.72,24150.66
2025-05-28 09:06:25,EUR/USD,1.472000000000003,4.392000000000012,OBJECTIF ATTEINT,4.243029724121105,2025-06-12 00:00:00,1.1333,1.1208
2025-05-28 17:34:14,AUD/JPY,1.5833333333334074,3.000000000000059,OBJECTIF ATTEINT,2.8624867757162202,2025-05-28 23:00:00,93.13,92.89
2025-05-28 17:34:18,GBP/JPY,1.6666666666667982,6.055555555555823,OBJECTIF ATTEINT,6.866657511393613,2025-05-28 23:00:00,195.23,194.87
2025-06-02 08:03:52,USD/CHF,2.256410256410227,9.07692307692304,INVALIDÉE,-1.0,2025-06-03 12:00:00,0.818,0.8219
2025-06-05 13:14:02,NASDAQ100 - MINI NASDAQ100 FULL0926,2.9741915986702905,6.579026896343278,INVALIDÉE,-1.0,2025-06-05 16:30:00,21809.0,21643.55
2025-06-06 03:32:37,CHF/JPY,2.3376623376622843,5.766233766233687,OBJECTIF ATTEINT,6.253899750152097,2025-06-12 20:00:00,175.3,174.53
2025-06-06 17:19:04,CHF/JPY,2.3414634146341853,5.512195121951312,INVALIDÉE,-1.0,2025-06-09 08:00:00,176.14,175.73
2025-06-09 20:19:22,USD/JPY,2.631578947368059,5.999999999999102,OBJECTIF ATTEINT,6.04475675883952,2025-06-10 02:00:00,144.58,144.39
2025-06-10 20:18:29,USD/CHF,1.6666666666666976,8.166666666666837,INVALIDÉE,-1.0,2025-06-10 21:00:00,0.8229,0.8217
2025-06-12 10:42:23,EUR/JPY,2.4318181818182003,6.606060606060639,OBJECTIF ATTEINT,6.790908258611532,2025-06-23 05:00:00,166.34,165.02
2025-06-12 14:20:46,EUR/JPY,2.131313131313097,3.2121212121211893,INVALIDÉE,-1.0,2025-06-13 00:00:00,166.37,165.38
2025-06-17 11:13:12,AUD/USD,1.5714285714284808,12.285714285713606,INVALIDÉE,-1.0,2025-06-17 12:00:00,0.6541,0.6534
2025-06-19 08:16:08,AUD/USD,1.625000000000052,11.624999999999774,INVALIDÉE,-1.0,2025-06-19 09:00:00,0.6469,0.6477
2025-06-19 08:16:30,DAX40 PERF INDEX,1.8306333640353336,4.437340846291387,INVALIDÉE,-1.0,2025-06-20 09:00:00,23130.5,23315.07
2025-06-23 03:14:02,USD/CAD,2.5882352941175704,6.58823529411744,INVALIDÉE,-1.0,2025-06-23 05:00:00,1.3764,1.3747
2025-06-23 09:16:05,USD/JPY,2.2531645569620493,3.0126582278481258,INVALIDÉE,-1.0,2025-06-23 14:00:00,147.79,147.0
2025-06-25 21:11:16,NZD/USD,2.8749999999998788,8.624999999999636,OBJECTIF ATTEINT,10.032474970817209,2025-06-26 00:00:00,0.6034,0.6026
2025-06-26 03:12:18,AUD/USD,1.357142857142908,6.571428571428764,OBJECTIF ATTEINT,6.570074040549319,2025-06-26 08:00:00,0.6533,0.6519
2025-06-27 00:11:07,GBP/JPY,2.6969696969695534,5.666666666666465,INVALIDÉE,-1.0,2025-06-27 02:00:00,198.53,198.2
2025-06-27 18:48:29,NASDAQ100 INDEX,1.5168826493880507,6.0074154067674765,OBJECTIF ATTEINT,5.966154551385909,2025-07-03 13:30:00,22437.61,22159.81
2025-06-30 19:20:02,CHF/JPY,2.130434782608443,6.999999999999382,INVALIDÉE,-1.0,2025-06-30 20:00:00,181.68,181.45
2025-07-01 11:18:30,GBP/JPY,2.8611111111112315,5.61111111111137,INVALIDÉE,-1.0,2025-07-01 16:00:00,196.86,197.22
2025-07-01 23:11:19,AUD/USD,1.5294117647058132,5.588235294117505,INVALIDÉE,-1.0,2025-07-02 08:00:00,0.658,0.6563
2025-07-02 14:24:18,GBP/USD,2.478260869565268,5.478260869565268,INVALIDÉE,-1.0,2025-07-02 15:00:00,1.3568,1.3591
2025-07-02 15:25:19,EUR/JPY,1.428571428571443,11.0,OBJECTIF ATTEINT,10.967830548967587,2025-07-03 08:00:00,169.47,169.19
2025-07-03 16:19:38,NASDAQ100 INDEX,2.5815247982988527,6.902745637625895,INVALIDÉE,-1.0,2025-07-07 13:30:00,22881.39,22721.5
2025-07-03 16:19:59,CHF/JPY,2.000000000000063,6.088888888889063,INVALIDÉE,-1.0,2025-07-04 00:00:00,182.39,181.94
2025-07-07 08:18:28,USD/JPY,2.999999999999804,10.03448275861997,OBJECTIF ATTEINT,11.632750622978692,2025-07-07 16:00:00,145.24,144.95
2025-07-07 14:22:35,DAX40 FULL0926,2.01607589932799,4.345763605218102,OBJECTIF ATTEINT,4.413193849650845,2025-07-09 07:00:00,24134.0,24058.11
2025-07-08 08:50:47,GBP/JPY,1.98214285714284,5.130952380952363,INVALIDÉE,-1.0,2025-07-31 02:00:00,199.09,197.41
2025-07-09 05:13:44,AUD/JPY,2.9999999999999383,9.0434782608694,INVALIDÉE,-1.0,2025-07-09 06:00:00,96.2,95.97
2025-07-10 14:23:29,USD/CAD,1.8500000000000167,8.950000000000006,INVALIDÉE,-1.0,2025-07-10 15:00:00,1.3697,1.3677
2025-07-10 19:20:13,AUD/JPY,1.4999999999999585,5.794117647058762,OBJECTIF ATTEINT,5.661773861155679,2025-07-11 13:00:00,96.31,95.97
2025-07-11 13:17:45,EUR/GBP,1.3636363636361892,2.72727272727248,OBJECTIF ATTEINT,3.1227042111480463,2025-07-14 07:00:00,0.8655,0.8644
2025-07-14 23:13:30,USD/JPY,2.121212121212275,7.030303030303349,OBJECTIF ATTEINT,7.150008138021211,2025-07-15 13:00:00,147.85,147.52
2025-07-15 13:16:17,EUR/CHF,1.8333333333331792,4.749999999999584,INVALIDÉE,-1.0,2025-07-15 14:00:00,0.9299,0.9311
2025-07-16 03:13:10,DAX40 FULL0926,2.209530201342289,6.174496644295302,INVALIDÉE,-1.0,2025-07-17 07:00:00,24113.0,24262.0
2025-07-17 04:13:03,USD/CHF,2.0625000000001346,3.750000000000156,OBJECTIF ATTEINT,4.662489211559508,2025-07-17 12:00:00,0.8029,0.8013
2025-07-22 00:19:23,EUR/CHF,2.0,9.88888888888878,INVALIDÉE,-1.0,2025-07-22 01:00:00,0.9338,0.9329
2025-07-22 18:23:05,AUD/USD,2.9999999999998765,4.44444444444439,OBJECTIF ATTEINT,4.333477380540541,2025-07-23 07:00:00,0.6549,0.654
2025-07-22 20:23:41,USD/CHF,1.8888888888887791,9.888888888888657,INVALIDÉE,-1.0,2025-07-22 23:00:00,0.7928,0.7937
2025-07-23 23:15:42,EUR/USD,2.14285714285712,7.142857142856803,INVALIDÉE,-1.0,2025-07-24 07:00:00,1.1775,1.1761
2025-08-01 11:19:48,S&P500 - MINI S&P500 FULL0926,2.680416666666664,6.65625,OBJECTIF ATTEINT,2.680416666666664,2025-08-01 13:30:00,6304.25,6328.25
2025-08-07 03:45:16,EUR/GBP,2.7173913043478777,4.9347826086957305,INVALIDÉE,-1.0,2025-08-07 11:00:00,0.8731,0.8685
2025-08-07 06:17:21,NZD/USD,1.416666666666628,3.583333333333372,INVALIDÉE,-1.0,2025-08-07 14:00:00,0.5955,0.5943
2025-08-07 15:23:45,GBP/USD,1.392857142857191,5.7500000000001785,OBJECTIF ATTEINT,5.684410394941228,2025-08-08 15:00:00,1.3414,1.3386
2025-08-11 08:19:27,GBP/USD,1.6578947368420869,3.052631578947304,INVALIDÉE,-1.0,2025-08-11 12:00:00,1.3459,1.3421
2025-08-11 22:17:10,USD/JPY,2.566666666666509,4.533333333333112,INVALIDÉE,-1.0,2025-08-12 12:00:00,148.18,147.88
2025-08-14 18:17:27,USD/CAD,2.521739130434829,3.304347826087024,INVALIDÉE,-1.0,2025-08-15 06:00:00,1.3818,1.3795
2025-08-19 13:18:40,USD/CAD,2.4999999999999307,5.187499999999835,OBJECTIF ATTEINT,5.393751358985772,2025-08-20 01:00:00,1.3836,1.382
2025-08-20 19:19:07,EUR/GBP,1.818181818181653,8.54545454545373,INVALIDÉE,-1.0,2025-08-20 21:00:00,0.8665,0.8654
2025-08-22 03:14:08,USD/CAD,1.833333333333292,4.583333333333261,INVALIDÉE,-1.0,2025-08-22 14:00:00,1.3912,1.3876
2025-08-28 00:16:12,AUD/USD,1.714285714285601,5.5714285714283225,OBJECTIF ATTEINT,6.6396451950069695,2025-08-28 09:00:00,0.6512,0.6505
2025-09-02 04:18:24,GBP/JPY,2.212121212121374,10.12121212121262,INVALIDÉE,-1.0,2025-09-02 07:00:00,199.88,199.55
2025-09-03 11:19:38,AUD/JPY,2.6250000000000666,7.312500000000167,INVALIDÉE,-1.0,2025-09-03 14:00:00,97.11,96.95
2025-09-05 18:57:36,AUD/JPY,1.4152542372881458,4.771186440677992,OBJECTIF ATTEINT,4.8042383743545125,2025-09-12 04:00:00,96.61,95.43
2025-09-08 23:47:43,GBP/JPY,2.59701492537312,5.947761194029835,INVALIDÉE,-1.0,2025-10-01 06:00:00,199.74,198.4
2025-09-10 08:15:06,DAX40 FULL0926,2.048291352478657,3.866516926038717,INVALIDÉE,-1.0,2025-09-10 09:00:00,23885.0,23822.67
2025-09-11 09:17:13,AUD/JPY,1.5128205128205194,2.2051282051282004,OBJECTIF ATTEINT,2.3756488506610363,2025-09-12 04:00:00,97.69,97.3
2025-09-11 16:06:23,AUD/USD,1.6666666666666472,3.98245614035084,INVALIDÉE,-1.0,2025-09-19 05:00:00,0.6659,0.6602
2025-09-11 20:18:01,NZD/USD,1.9473684210526376,3.526315789473681,INVALIDÉE,-1.0,2025-09-12 08:00:00,0.5979,0.596
2025-09-12 19:26:13,NASDAQ100 - MINI NASDAQ100 FULL0926,2.9184453647659216,8.353721992142008,OBJECTIF ATTEINT,8.35450398879703,2025-09-18 13:30:00,24139.0,24044.83
2025-09-14 22:51:20,AUD/JPY,1.4330708661417426,3.165354330708668,OBJECTIF ATTEINT,3.1854340801088936,2025-10-07 18:00:00,98.22,96.95
2025-09-15 18:20:04,AUD/JPY,2.1666666666666963,8.87500000000017,INVALIDÉE,-1.0,2025-09-16 04:00:00,98.28,98.04
2025-10-01 11:15:25,DAX40 FULL0926,2.23728813559322,6.11864406779661,OBJECTIF ATTEINT,5.989913268008468,2025-10-02 08:00:00,24126.0,24008.0
2025-10-02 07:15:27,EUR/CHF,1.749999999999896,8.124999999999705,INVALIDÉE,-1.0,2025-10-02 08:00:00,0.936,0.9352
2025-10-02 10:18:24,AUD/JPY,2.4444444444445206,5.740740740740815,INVALIDÉE,-1.0,2025-10-03 00:00:00,96.98,97.25
2025-10-02 10:18:26,GBP/JPY,2.8297872340425263,4.425531914893594,INVALIDÉE,-1.0,2025-10-03 01:00:00,197.91,198.38
2025-10-02 10:18:38,USD/JPY,1.6315789473684523,9.684210526315924,INVALIDÉE,-1.0,2025-10-02 12:00:00,146.71,146.9
2025-10-06 23:12:39,NZD/USD,2.250000000000121,5.812500000000221,INVALIDÉE,-1.0,2025-10-07 06:00:00,0.5838,0.5822
2025-10-07 11:14:50,S&P500 - MINI S&P500 FULL0926,1.5714285714285714,4.2727272727272725,INVALIDÉE,-1.0,2025-10-07 13:30:00,6785.75,6766.5
2025-10-17 16:18:46,CHF/JPY,1.8709677419355104,3.064516129032199,OBJECTIF ATTEINT,3.2080735729586247,2025-10-20 01:00:00,189.94,189.63
2025-10-20 03:12:43,CHF/JPY,1.500000000000142,3.350000000000128,INVALIDÉE,-1.0,2025-10-20 04:00:00,190.22,190.02
2025-10-20 18:18:31,NZD/USD,1.8888888888889024,4.555555555555487,INVALIDÉE,-1.0,2025-10-21 02:00:00,0.5746,0.5737
2025-10-22 23:15:19,EUR/JPY,2.0799999999999272,3.039999999999964,OBJECTIF ATTEINT,3.23797607421875,2025-10-23 06:00:00,176.4,176.15
2025-10-23 09:16:51,AUD/JPY,1.600000000000057,12.30000000000074,OBJECTIF ATTEINT,13.730023193360166,2025-10-23 15:00:00,99.33,99.23
2025-10-23 09:16:55,GBP/JPY,2.136363636363642,6.22727272727278,INVALIDÉE,-1.0,2025-10-23 15:00:00,203.7,203.26
2025-10-23 16:16:53,USD/JPY,1.6249999999999778,8.312500000000078,INVALIDÉE,-1.0,2025-10-23 17:00:00,152.77,152.61
2025-10-24 18:18:01,EUR/CHF,1.3999999999999408,2.666666666666568,OBJECTIF ATTEINT,2.6233325958250457,2025-10-29 09:00:00,0.925,0.9235
2025-10-24 18:56:14,EUR/GBP,2.250000000000016,4.211538461538481,OBJECTIF ATTEINT,2.250000000000016,2025-11-14 04:00:00,0.8739,0.8687
2025-10-26 23:17:25,EUR/JPY,1.9629629629630996,5.296296296296679,INVALIDÉE,-1.0,2025-10-27 01:00:00,178.1,177.83
2025-10-27 06:11:48,AUD/USD,1.357142857142908,4.071428571428724,OBJECTIF ATTEINT,4.560579395294305,2025-10-27 22:00:00,0.6543,0.6529
2025-10-27 18:16:39,CHF/JPY,2.80645161290322,6.0322580645161,INVALIDÉE,-1.0,2025-10-28 00:00:00,192.26,191.95
2025-10-28 00:14:05,EUR/GBP,1.5000000000000555,2.700000000000033,OBJECTIF ATTEINT,3.150010490417518,2025-10-28 08:00:00,0.8732,0.8722
2025-10-28 17:17:47,USD/CHF,1.6000000000001036,3.866666666666824,INVALIDÉE,-1.0,2025-10-29 05:00:00,0.7931,0.7946
2025-10-28 19:20:55,EUR/USD,1.999999999999852,4.333333333333136,INVALIDÉE,-1.0,2025-10-29 02:00:00,1.1664,1.1649
2025-10-29 09:58:05,GBP/USD,2.708860759493676,5.392405063291124,OBJECTIF ATTEINT,2.708860759493676,2025-10-29 17:44:00,1.3224,1.3303
2025-10-30 15:03:50,AUD/JPY,2.111111111111143,7.2962962962964255,INVALIDÉE,-1.0,2025-11-03 15:00:00,101.1,100.56
2025-10-31 16:20:52,USD/CAD,1.5294117647061436,2.647058823529804,OBJECTIF ATTEINT,2.6617771148687077,2025-11-03 11:00:00,1.4021,1.4004
2025-11-03 00:11:23,USD/CHF,1.499999999999936,6.57692307692296,OBJECTIF ATTEINT,1.499999999999936,2025-11-03 14:00:00,0.805,0.8024
2025-11-03 01:47:30,S&P500 - MINI S&P500 FULL0926,1.5365775401069526,3.2949732620320846,INVALIDÉE,-1.0,2025-11-04 14:30:00,6894.75,6801.25
2025-11-04 09:16:45,AUD/USD,1.5000000000000555,2.900000000000011,OBJECTIF ATTEINT,3.3588761329651464,2025-11-04 14:00:00,0.6508,0.6518
2025-11-05 12:55:28,USD/CAD,1.9294117647058897,3.047058823529433,INVALIDÉE,-1.0,2025-11-07 17:00:00,1.4132,1.4047
2025-11-05 15:22:07,USD/CHF,1.7647058823529067,6.764705882352842,INVALIDÉE,-1.0,2025-11-05 22:00:00,0.8106,0.8089
2025-11-10 10:15:50,EUR/USD,2.0,3.4736842105262604,INVALIDÉE,-1.0,2025-11-10 15:00:00,1.1571,1.1552
2025-11-13 01:14:51,USD/JPY,2.099999999999966,3.539999999999964,INVALIDÉE,-1.0,2025-11-13 09:00:00,154.99,154.49
2025-11-13 06:13:42,AUD/USD,2.099999999999989,4.899999999999956,INVALIDÉE,-1.0,2025-11-13 18:00:00,0.6558,0.6538
2025-11-13 13:18:50,GBP/JPY,1.914893617021233,7.404255319148932,INVALIDÉE,-1.0,2025-11-13 23:00:00,203.74,203.27
2025-11-17 21:17:24,AUD/USD,1.769230769230789,5.384615384615523,OBJECTIF ATTEINT,1.769230769230789,2025-11-18 04:00:00,0.6491,0.6504
2025-11-18 07:14:10,S&P500 - MINI S&P500 FULL0926,1.632,8.136,INVALIDÉE,-1.0,2025-11-19 14:30:00,6639.25,6670.5
2025-11-18 07:14:11,NASDAQ100 - MINI NASDAQ100 FULL0926,2.630813953488372,7.487441860465096,INVALIDÉE,-1.0,2025-11-18 14:30:00,24623.25,24709.25
2025-11-19 19:19:13,AUD/JPY,1.7307692307693023,3.307692307692421,OBJECTIF ATTEINT,3.98846646822431,2025-11-19 21:00:00,101.38,101.12
2025-11-20 00:16:44,AUD/JPY,1.4687500000000278,7.218750000000161,OBJECTIF ATTEINT,7.637503242492845,2025-11-20 13:00:00,101.77,101.45
2025-11-20 10:17:57,GBP/JPY,2.5897435897437298,5.0000000000002185,OBJECTIF ATTEINT,4.885894931891196,2025-11-20 14:00:00,205.76,205.37
2025-12-02 04:13:22,AUD/USD,1.5454545454544903,4.545454545454591,OBJECTIF ATTEINT,4.415852338617541,2025-12-02 14:00:00,0.655,0.6539
2025-12-02 19:14:25,EUR/GBP,1.352941176470542,1.9999999999999347,INVALIDÉE,-1.0,2025-12-03 08:00:00,0.8797,0.878
2025-12-02 22:14:39,GBP/CHF,1.8666666666665384,3.533333333333254,INVALIDÉE,-1.0,2025-12-03 07:00:00,1.0606,1.0621
2025-12-02 23:14:37,AUD/USD,3.000000000000101,6.454545454545509,OBJECTIF ATTEINT,6.937276892228695,2025-12-03 15:00:00,0.6567,0.6556
2025-12-04 01:13:56,AUD/JPY,1.7142857142857215,4.2142857142857215,INVALIDÉE,-1.0,2025-12-04 11:00:00,102.52,102.24
2025-12-04 12:20:24,EUR/USD,1.583333333333372,3.0833333333334183,INVALIDÉE,-1.0,2025-12-04 20:00:00,1.1677,1.1653
2025-12-08 20:18:55,GBP/JPY,1.7407407407407622,4.222222222222286,OBJECTIF ATTEINT,4.7370510525173986,2025-12-09 08:00:00,207.75,207.21
2025-12-09 08:15:05,AUD/JPY,1.5405405405406007,3.513513513513636,OBJECTIF ATTEINT,3.6256784799937876,2025-12-09 16:00:00,103.74,103.37
2025-12-09 13:18:35,USD/CHF,2.1818181818181634,6.454545454545509,INVALIDÉE,-1.0,2025-12-09 22:00:00,0.8064,0.8053
2025-12-09 16:21:18,NZD/USD,2.9285714285712814,6.714285714285363,INVALIDÉE,-1.0,2025-12-09 18:00:00,0.5793,0.5779
2025-12-11 16:22:47,EUR/GBP,2.1111111111113576,3.3333333333337034,OBJECTIF ATTEINT,3.8611352072826506,2025-12-12 07:00:00,0.8754,0.8745
2025-12-12 10:18:00,EUR/GBP,1.7777777777776818,2.9999999999998765,OBJECTIF ATTEINT,2.92778591579855,2025-12-12 15:00:00,0.8768,0.8759
2025-12-17 01:15:15,EUR/JPY,1.4347826086954696,3.0869565217389208,INVALIDÉE,-1.0,2025-12-17 02:00:00,181.63,181.86
2025-12-19 04:14:25,CHF/JPY,1.810344827586276,4.051724137931136,OBJECTIF ATTEINT,3.956891500538934,2025-12-19 08:00:00,196.04,195.46
2025-12-25 06:14:08,NZD/USD,2.4999999999999307,6.812499999999818,INVALIDÉE,-1.0,2025-12-26 06:00:00,0.5847,0.5831
2025-12-25 06:14:16,GBP/USD,2.5862068965515577,4.551724137930797,INVALIDÉE,-1.0,2025-12-26 05:00:00,1.3521,1.3492
2025-12-28 23:14:53,AUD/USD,2.090909090909082,4.000000000000051,INVALIDÉE,-1.0,2025-12-29 12:00:00,0.6713,0.6691
2026-01-02 16:21:02,GBP/JPY,2.999999999999865,5.809523809523584,INVALIDÉE,-1.0,2026-01-02 17:00:00,211.31,211.1
2026-01-05 00:13:26,USD/CAD,3.0,6.473684210526261,OBJECTIF ATTEINT,6.334206249839274,2026-01-05 13:00:00,1.3747,1.3728
2026-01-05 03:14:05,AUD/JPY,1.444444444444532,7.277777777778089,INVALIDÉE,-1.0,2026-01-05 04:00:00,105.02,104.84
2026-01-07 04:45:34,AUD/JPY,1.8588235294117752,3.776470588235312,OBJECTIF ATTEINT,3.7841190113740915,2026-01-22 00:00:00,105.89,105.04
2026-01-15 20:19:39,USD/CHF,2.066666666666583,7.133333333333018,INVALIDÉE,-1.0,2026-01-16 09:00:00,0.8033,0.8018
2026-01-16 17:20:04,USD/CAD,2.636363636363673,5.772727272727397,INVALIDÉE,-1.0,2026-01-19 00:00:00,1.392,1.3898
2026-01-20 08:14:48,AUD/USD,2.909090909090918,8.45454545454551,INVALIDÉE,-1.0,2026-01-20 09:00:00,0.6746,0.6735
2026-01-22 07:13:26,GBP/JPY,1.6666666666668422,3.740740740741064,OBJECTIF ATTEINT,3.7648152669273345,2026-01-22 18:00:00,213.29,213.02
2026-01-22 08:14:48,NZD/USD,2.5714285714284806,7.714285714285284,OBJECTIF ATTEINT,9.955275017874087,2026-01-22 11:00:00,0.5858,0.5851
2026-01-22 10:19:59,EUR/JPY,2.9032258064515184,5.645161290322539,OBJECTIF ATTEINT,6.1048375283516165,2026-01-23 03:00:00,185.52,185.21
2026-01-23 17:07:48,EUR/USD,1.5322580645161434,4.564516129032269,OBJECTIF ATTEINT,4.827299690246583,2026-01-26 01:00:00,1.1776,1.1714
2026-01-23 19:18:46,NASDAQ100 - MINI NASDAQ100 FULL0926,1.9549058473736087,2.963330029732365,INVALIDÉE,-1.0,2026-01-23 19:30:00,25755.5,25654.6
2026-01-27 11:18:18,EUR/CHF,1.4999999999999445,2.799999999999911,OBJECTIF ATTEINT,2.9700043678283468,2026-01-27 12:00:00,0.9217,0.9227
2026-01-27 22:15:54,USD/JPY,1.776315789473698,7.500000000000075,INVALIDÉE,-1.0,2026-01-28 01:00:00,152.22,152.98
2026-01-28 00:52:24,NZD/USD,1.9210526315789276,4.421052631578927,INVALIDÉE,-1.0,2026-02-04 17:00:00,0.6028,0.599
2026-01-29 03:15:48,AUD/USD,1.9302325581394923,3.232558139534828,INVALIDÉE,-1.0,2026-01-29 15:00:00,0.7064,0.7021
2026-02-03 20:20:23,EUR/JPY,2.1666666666666035,6.466666666666414,OBJECTIF ATTEINT,6.3499816894530134,2026-02-04 01:00:00,184.06,183.76
2026-02-03 22:15:19,CHF/JPY,1.6666666666666516,4.1428571428571495,OBJECTIF ATTEINT,3.9960232204861157,2026-02-04 11:00:00,200.87,200.24
2026-02-04 03:13:41,AUD/JPY,1.8666666666666036,11.133333333332924,INVALIDÉE,-1.0,2026-02-04 16:00:00,109.7,109.55
2026-02-04 05:50:26,AUD/JPY,2.2307692307692397,5.5897435897435805,INVALIDÉE,-1.0,2026-02-05 03:00:00,109.88,109.1
2026-02-11 06:16:50,AUD/USD,3.0000000000000924,10.000000000000185,OBJECTIF ATTEINT,10.301162974039968,2026-02-12 01:00:00,0.7111,0.7099
2026-02-17 08:14:29,GBP/USD,2.736842105263072,5.947368421052521,INVALIDÉE,-1.0,2026-02-17 09:00:00,1.3571,1.359
2026-02-18 17:22:39,CHF/JPY,2.896551724138022,5.586206896551893,OBJECTIF ATTEINT,5.650004630253438,2026-02-19 03:00:00,200.01,199.72
2026-02-18 21:18:59,AUD/USD,1.6521739130435118,4.65217391304356,INVALIDÉE,-1.0,2026-02-19 01:00:00,0.7042,0.7065
2026-02-23 10:18:52,EUR/JPY,1.3513513513513349,2.8378378378378337,INVALIDÉE,-1.0,2026-02-23 15:00:00,182.66,182.29
2026-02-23 14:18:43,EUR/CHF,1.7272727272727548,8.363636363636427,INVALIDÉE,-1.0,2026-02-23 15:00:00,0.9142,0.9131
2026-02-24 04:14:14,EUR/CHF,1.875000000000017,3.2499999999999654,INVALIDÉE,-1.0,2026-02-24 08:00:00,0.9135,0.9127
2026-03-03 10:19:58,AUD/USD,2.6249999999999134,11.999999999999725,OBJECTIF ATTEINT,15.141361331939256,2026-03-03 11:00:00,0.7036,0.7044
2026-03-04 10:21:40,CHF/JPY,3.000000000000248,5.652173913043779,INVALIDÉE,-1.0,2026-03-04 11:00:00,201.11,201.34
2026-03-05 03:14:15,GBP/JPY,2.717948717948819,3.743589743589895,INVALIDÉE,-1.0,2026-03-05 10:00:00,209.61,210.0
2026-03-06 11:23:50,EUR/USD,2.4999999999999445,4.7499999999999165,INVALIDÉE,-1.0,2026-03-06 16:00:00,1.158,1.16
2026-03-09 03:21:29,DAX40 FULL0926,1.5525525525525523,4.75975975975976,INVALIDÉE,-1.0,2026-03-09 09:00:00,22802.0,23135.0
2026-03-10 12:19:27,AUD/JPY,2.9999999999999165,6.764705882352823,OBJECTIF ATTEINT,7.344097541360143,2026-03-10 17:00:00,112.26,112.09
2026-03-12 17:19:58,USD/CAD,2.1363636363636225,4.0454545454545405,OBJECTIF ATTEINT,4.850010317022211,2026-03-13 10:00:00,1.3627,1.3605
2026-03-15 23:15:57,NZD/USD,2.333333333333292,4.94444444444439,INVALIDÉE,-1.0,2026-03-16 00:00:00,0.5774,0.5792
2026-03-18 05:15:22,EUR/CHF,2.266666666666795,4.933333333333486,OBJECTIF ATTEINT,4.78333409627295,2026-03-18 17:00:00,0.9064,0.9049
2026-03-18 07:13:54,DAX40 FULL0926,1.396103896103874,5.086580086580007,INVALIDÉE,-1.0,2026-03-18 08:00:00,23918.0,23825.6
2026-03-18 07:14:07,GBP/CHF,2.076923076922893,9.23076923076868,OBJECTIF ATTEINT,9.234589855486986,2026-03-18 17:00:00,1.0501,1.0488
2026-03-19 07:15:55,EUR/GBP,1.416666666666497,2.5833333333331328,INVALIDÉE,-1.0,2026-03-19 08:00:00,0.8646,0.8634
2026-03-19 13:18:17,DAX40 PERF INDEX,1.6945010924981572,3.815695557174031,OBJECTIF ATTEINT,1.6945010924981572,2026-03-23 08:00:00,22810.37,23084.97
2026-03-20 14:21:53,NASDAQ100 - MINI NASDAQ100 FULL0926,2.9697885196374623,8.672205438066465,OBJECTIF ATTEINT,8.698576756042291,2026-03-20 19:30:00,24306.25,24471.75
2026-03-23 20:17:25,GBP/JPY,1.9629629629628929,4.962962962962788,INVALIDÉE,-1.0,2026-03-23 21:00:00,212.78,212.51
2026-03-24 07:16:06,EUR/CHF,1.722222222222301,5.3888888888891735,OBJECTIF ATTEINT,6.688895903693657,2026-03-24 15:00:00,0.9137,0.9119
2026-03-27 15:22:37,USD/JPY,1.4583333333332544,7.041666666666391,INVALIDÉE,-1.0,2026-03-30 04:00:00,159.9,159.66
2026-03-31 00:15:18,S&P500 - MINI S&P500 FULL0926,1.862675159235668,3.829469214437368,INVALIDÉE,-1.0,2026-03-31 16:30:00,6376.75,6494.5
2026-04-05 21:10:32,USD/JPY,2.0,3.937500000000056,INVALIDÉE,-1.0,2026-04-06 07:00:00,159.65,159.49
2026-04-07 23:15:34,AUD/USD,1.421052631578898,4.368421052631536,INVALIDÉE,-1.0,2026-04-08 03:00:00,0.7064,0.7045
2026-04-08 12:22:16,DAX40 PERF INDEX,2.034406509817758,3.769060675747324,INVALIDÉE,-1.0,2026-04-08 13:00:00,24136.79,24023.73
2026-04-10 12:19:36,GBP/USD,1.4166666666667207,5.541666666666802,INVALIDÉE,-1.0,2026-04-12 23:00:00,1.345,1.3426
2026-04-14 10:18:24,DAX40 PERF INDEX,1.394169012051664,4.273652305693861,OBJECTIF ATTEINT,4.824448270729611,2026-04-16 10:00:00,23970.72,23832.15
2026-04-16 04:18:24,USD/JPY,1.913043478260945,3.4782608695654216,INVALIDÉE,-1.0,2026-04-16 06:00:00,158.69,158.92
2026-04-16 13:18:50,DAX40 PERF INDEX,2.105537669027685,4.954282034771443,OBJECTIF ATTEINT,5.181488449774664,2026-04-17 12:00:00,24235.93,24080.63
2026-04-20 07:17:01,DAX40 PERF INDEX,2.175495262704514,4.203129486075108,INVALIDÉE,-1.0,2026-04-20 09:00:00,24702.24,24562.92
2026-04-21 16:07:52,CHF/JPY,2.5783132530119928,5.530120481927631,INVALIDÉE,-1.0,2026-04-22 12:00:00,204.34,203.51
2026-04-22 18:19:17,NASDAQ100 INDEX,2.3040763863385747,5.9102093279470616,OBJECTIF ATTEINT,6.76366800174434,2026-04-24 15:30:00,26885.15,26721.77
2026-04-24 03:15:23,USD/CAD,2.0,3.399999999999941,INVALIDÉE,-1.0,2026-04-24 07:00:00,1.371,1.3695
2026-04-24 06:18:40,NASDAQ100 - MINI NASDAQ100 FULL0926,2.2319995777027275,5.820682010135166,OBJECTIF ATTEINT,6.7273939802840355,2026-05-01 13:30:00,27082.5,26893.06
2026-04-29 15:22:15,GBP/JPY,2.3142857142857585,5.485714285714339,INVALIDÉE,-1.0,2026-04-30 07:00:00,216.09,215.74
2026-05-03 21:40:33,AUD/USD,1.805555555555561,6.555555555555573,INVALIDÉE,-1.0,2026-05-05 05:00:00,0.7219,0.7147
2026-05-04 02:56:34,EUR/GBP,2.442307692307688,7.423076923076942,INVALIDÉE,-1.0,2026-05-12 07:00:00,0.8632,0.8684
2026-05-07 22:22:00,USD/CAD,1.6315789473683473,2.631578947368347,OBJECTIF ATTEINT,2.5500032726084765,2026-05-08 12:00:00,1.3661,1.3642
2026-05-08 18:04:58,NASDAQ100 INDEX,2.609615851847877,9.731960154415232,OBJECTIF ATTEINT,2.609615851847877,2026-05-28 14:30:00,29159.67,28789.24
2026-05-11 03:21:36,AUD/JPY,1.3636363636364224,3.136363636363642,OBJECTIF ATTEINT,3.1363492098721903,2026-05-11 13:00:00,113.63,113.41
2026-05-12 11:20:22,USD/CAD,1.812500000000026,10.624999999999636,INVALIDÉE,-1.0,2026-05-12 13:00:00,1.3711,1.3695
2026-05-13 21:13:50,AUD/USD,1.4166666666667207,7.333333333333488,INVALIDÉE,-1.0,2026-05-14 02:00:00,0.7261,0.7249
2026-05-22 05:16:23,GBP/JPY,1.4411764705882475,7.23529411764701,OBJECTIF ATTEINT,7.294104362936557,2026-05-24 23:00:00,213.63,213.29
2026-05-26 11:17:56,EUR/USD,1.4615384615386324,3.1538461538466662,INVALIDÉE,-1.0,2026-05-26 13:00:00,1.1643,1.163
2026-05-26 15:23:02,AUD/JPY,1.687500000000011,3.2500000000000444,INVALIDÉE,-1.0,2026-05-27 01:00:00,114.14,113.98
2026-05-27 15:24:30,EUR/CHF,1.909090909090725,7.090909090908366,OBJECTIF ATTEINT,6.95000133514339,2026-06-03 10:00:00,0.9149,0.9138
2026-05-27 23:16:49,USD/CHF,2.1818181818181634,3.1818181818181634,INVALIDÉE,-1.0,2026-05-28 14:00:00,0.7871,0.786
2026-05-28 15:22:41,NZD/USD,2.666666666666568,4.599999999999837,OBJECTIF ATTEINT,2.666666666666568,2026-05-29 09:00:00,0.5927,0.5912
2026-06-01 05:15:46,AUD/JPY,1.3749999999999407,3.416666666666509,INVALIDÉE,-1.0,2026-06-01 12:00:00,114.59,114.35
2026-06-03 04:14:21,USD/CHF,1.875000000000017,5.874999999999878,OBJECTIF ATTEINT,5.774992680549458,2026-06-03 12:00:00,0.7884,0.7876
2026-06-03 17:18:03,NZD/USD,2.6666666666666976,6.000000000000092,INVALIDÉE,-1.0,2026-06-04 01:00:00,0.5864,0.5876
2026-06-03 20:17:18,GBP/CHF,1.6956521739130728,5.304347826087024,INVALIDÉE,-1.0,2026-06-03 21:00:00,1.0631,1.0608
2026-06-05 21:18:12,USD/JPY,1.9444444444446465,7.222222222223152,INVALIDÉE,-1.0,2026-06-08 08:00:00,160.29,160.11
2026-06-08 05:53:40,USD/CAD,1.5294117647058458,2.4999999999999347,OBJECTIF ATTEINT,2.497057449116358,2026-06-17 18:00:00,1.3943,1.3875
2026-06-10 23:14:52,AUD/USD,1.5483870967742062,3.290322580645166,INVALIDÉE,-1.0,2026-06-11 17:00:00,0.6988,0.7019
2026-06-15 00:14:54,GBP/JPY,1.7272727272728448,3.9090909090909913,INVALIDÉE,-1.0,2026-06-15 07:00:00,215.23,215.01
2026-06-16 17:19:11,EUR/GBP,1.9999999999997224,8.999999999998336,OBJECTIF ATTEINT,1.9999999999997224,2026-06-17 15:00:00,0.8648,0.8644
2026-06-16 23:16:16,EUR/USD,2.14285714285712,5.785714285714002,INVALIDÉE,-1.0,2026-06-17 10:00:00,1.1614,1.16
2026-06-17 14:18:20,USD/CAD,2.187499999999974,6.312499999999818,OBJECTIF ATTEINT,6.787494158744606,2026-06-17 18:00:00,1.4012,1.3996
2026-06-17 22:53:17,USD/CHF,2.431818181818214,12.500000000000126,OBJECTIF ATTEINT,2.431818181818214,2026-06-23 17:00:00,0.7997,0.7953
2026-06-18 10:22:01,DAX40 FULL0926,1.8656716417910597,5.5981876332623095,OBJECTIF ATTEINT,7.3960587686567765,2026-06-19 07:00:00,24948.0,24854.2
2026-06-18 14:22:20,EUR/GBP,1.7999999999999112,6.0,OBJECTIF ATTEINT,1.7999999999999112,2026-06-18 22:08:15,0.8666,0.8656
2026-06-21 22:18:47,EUR/GBP,1.678571428571427,2.8571428571428346,INVALIDÉE,-1.0,2026-06-22 10:00:00,0.8679,0.8651
2026-06-22 20:18:27,DAX40 FULL0926,1.61364020270271,2.8885135135135225,INVALIDÉE,-1.0,2026-06-23 07:00:00,25270.0,25033.2
2026-06-30 10:18:41,NZD/USD,1.5,3.045454545454591,OBJECTIF ATTEINT,3.1391368432479063,2026-06-30 14:00:00,0.5656,0.5634
2026-06-30 18:19:02,CHF/JPY,2.9428571428569548,7.228571428570962,INVALIDÉE,-1.0,2026-07-01 01:00:00,201.27,200.92
2026-06-30 22:19:39,GBP/CHF,1.636363636363306,3.3636363636358864,OBJECTIF ATTEINT,4.040929066050694,2026-07-01 09:00:00,1.0716,1.0705
2026-07-01 21:14:57,GBP/USD,2.631578947368347,7.526315789473623,OBJECTIF ATTEINT,7.6030493485298924,2026-07-02 07:00:00,1.3282,1.3263
2026-07-02 05:16:39,NZD/USD,1.374999999999948,3.874999999999879,OBJECTIF ATTEINT,4.794112539291269,2026-07-02 08:00:00,0.5678,0.567
2026-07-09 12:19:15,NZD/USD,2.8666666666665384,6.733333333333077,OBJECTIF ATTEINT,7.690258789062159,2026-07-10 01:00:00,0.5742,0.5727
2026-07-10 16:16:50,AUD/USD,1.7647058823529067,5.470588235293991,INVALIDÉE,-1.0,2026-07-12 23:00:00,0.6964,0.6947
2026-07-14 05:14:40,NZD/USD,2.222222222222195,9.222222222222072,OBJECTIF ATTEINT,2.222222222222195,2026-07-14 12:00:00,0.5793,0.5784
2026-07-20 20:16:09,USD/CHF,1.5999999999999113,3.33333333333321,OBJECTIF ATTEINT,3.489999898274566,2026-07-21 14:00:00,0.8102,0.8087
2026-07-23 12:21:19,GBP/CHF,1.8571428571431745,2.7142857142860315,INVALIDÉE,-1.0,2026-07-23 13:00:00,1.0896,1.0882
2026-07-24 18:20:26,EUR/USD,2.5833333333333237,4.111111111111036,INVALIDÉE,-1.0,2026-07-27 00:00:00,1.137,1.1406
2026-07-24 21:15:51,GBP/CHF,1.352941176470542,2.0588235294116264,INVALIDÉE,-1.0,2026-07-27 00:00:00,1.0899,1.0882
2026-07-27 05:15:55,DAX40 FULL0926,1.5925850340136094,3.6462585034013606,OBJECTIF ATTEINT,1.5925850340136094,2026-07-27 13:01:50,25418.0,25271.0
2026-07-30 03:16:26,EUR/CHF,2.571428571428617,4.857142857142872,INVALIDÉE,-1.0,2026-07-30 11:02:21,0.9337,0.9316
