date_creation,ticker,asset_class,timeframe,prix_entree,stop_loss_init,tp1_init,tp2_init,rr_tp1,rr_tp2,statut_final,score_force,case,tp1_time,sl_time,resolution_time,resolution_verifiee,resolution_time_est,payoff_bucket,r_realiste,r_trailing
2021-05-04 08:40:54,PLATINUM,FX/Indices,1H,1246.0,1240.5,1261.8,1313.24,2.8727272727272646,12.225454545454546,OBJECTIF ATTEINT,8.6,hors_couverture_historique,,,,False,2021-05-04 16:09:45,hors_couverture,2.8727272727272646,2.8727272727272646
2021-05-10 09:33:35,PLATINUM,FX/Indices,1H,1267.8,1261.83,1273.9,1313.24,1.0217755443886278,7.611390284757094,OBJECTIF ATTEINT,8.4,hors_couverture_historique,,,,False,2021-05-10 17:02:26,hors_couverture,1.0217755443886278,1.0217755443886278
2021-05-13 23:30:28,NATURAL GAS,FX/Indices,1H,2.978,2.97,2.989,3.001,1.3749999999999585,2.8749999999999583,INVALIDÉE,8.4,hors_couverture_historique,,,,False,2021-05-14 06:59:19,,-1.0,-1.0
2021-05-18 00:36:03,PLATINUM,FX/Indices,1H,1249.0,1236.27,1265.5,1281.4,1.2961508248232505,2.545168892380208,INVALIDÉE,8.8,hors_couverture_historique,,,,False,2021-05-18 08:04:54,,-1.0,-1.0
2021-06-02 13:38:50,PALLADIUM,FX/Indices,1H,2862.5,2854.0,2873.22,2903.1,1.2611764705882118,4.776470588235283,OBJECTIF ATTEINT,7.9,hors_couverture_historique,,,,False,2021-06-02 21:07:41,hors_couverture,1.2611764705882118,1.2611764705882118
2021-06-04 20:04:33,NATURAL GAS,FX/Indices,Journalier,3.098,3.029,3.23,3.354,1.9130434782608727,3.7101449275362377,OBJECTIF ATTEINT,8.4,hors_couverture_historique,,,,False,2021-06-05 03:33:24,hors_couverture,1.9130434782608727,1.9130434782608727
2021-06-08 06:30:27,NATURAL GAS,FX/Indices,1H,3.108,3.09,3.15,3.23,2.333333333333292,6.777777777777682,OBJECTIF ATTEINT,8.6,hors_couverture_historique,,,,False,2021-06-08 13:59:18,hors_couverture,2.333333333333292,2.333333333333292
2021-06-09 19:39:35,NATURAL GAS,FX/Indices,1H,3.149,3.108,3.198,3.23,1.1951219512195128,1.975609756097564,OBJECTIF ATTEINT,8.6,hors_couverture_historique,,,,False,2021-06-10 03:08:26,hors_couverture,1.1951219512195128,1.1951219512195128
2021-06-23 11:58:49,NATURAL GAS,FX/Indices,Journalier,3.291,3.23,3.354,3.509,1.0327868852459052,3.5737704918032818,OBJECTIF ATTEINT,8.6,hors_couverture_historique,,,,False,2021-06-23 19:27:40,hors_couverture,1.0327868852459052,1.0327868852459052
2021-07-07 18:36:50,PALLADIUM,FX/Indices,1H,2862.0,2836.8,2903.1,2981.4,1.6309523809523891,4.738095238095276,INVALIDÉE,8.9,hors_couverture_historique,,,,False,2021-07-08 02:05:41,,-1.0,-1.0
2021-08-03 14:38:33,PLATINUM,FX/Indices,1H,1037.1,1044.2,1027.78,976.37,1.312676056337994,8.553521126760385,INVALIDÉE,7.7,hors_couverture_historique,,,,False,2021-08-03 22:07:24,,-1.0,-1.0
2021-08-05 23:03:32,PLATINUM,FX/Indices,Journalier,1000.9,1027.78,961.83,891.17,1.4534970238095215,4.082217261904764,OBJECTIF ATTEINT,8.6,hors_couverture_historique,,,,False,2021-08-06 06:32:23,hors_couverture,1.4534970238095215,1.4534970238095215
2021-08-09 05:37:14,NATURAL GAS,FX/Indices,1H,4.175,4.148,4.205,4.375,1.1111111111111147,7.407407407407377,INVALIDÉE,8.6,hors_couverture_historique,,,,False,2021-08-09 13:06:05,,-1.0,-1.0
2021-08-12 16:36:30,PLATINUM,FX/Indices,1H,1021.6,1017.96,1027.78,1036.3,1.6978021978021904,4.038461538461535,INVALIDÉE,8.6,hors_couverture_historique,,,,False,2021-08-13 00:05:21,,-1.0,-1.0
2021-08-26 11:34:39,NATURAL GAS,FX/Indices,1H,3.965,3.952,3.989,4.159,1.846153846153862,14.923076923077032,OBJECTIF ATTEINT,8.9,hors_couverture_historique,,,,False,2021-08-26 19:03:30,hors_couverture,1.846153846153862,1.846153846153862
2021-09-07 10:33:33,PALLADIUM,FX/Indices,1H,2387.5,2398.2,2367.8,2356.0,1.841121495327117,2.9439252336449098,OBJECTIF ATTEINT,8.2,hors_couverture_historique,,,,False,2021-09-07 18:02:24,hors_couverture,1.841121495327117,1.841121495327117
2021-09-14 23:31:44,PLATINUM,FX/Indices,1H,932.9,942.2,920.57,881.39,1.3258064516128856,5.538709677419313,OBJECTIF ATTEINT,7.9,hors_couverture_historique,,,,False,2021-09-15 07:00:35,hors_couverture,1.3258064516128856,1.3258064516128856
2021-10-08 08:32:32,PLATINUM,FX/Indices,1H,986.9,981.1,997.7,1028.65,1.862068965517268,7.198275862069042,OBJECTIF ATTEINT,8.6,hors_couverture_historique,,,,False,2021-10-08 16:01:23,hors_couverture,1.862068965517268,1.862068965517268
2021-10-10 22:30:47,PALLADIUM,FX/Indices,1H,2110.0,2078.8,2155.67,2207.54,1.463782051282062,3.126282051282068,OBJECTIF ATTEINT,8.8,hors_couverture_historique,,,,False,2021-10-11 05:59:38,hors_couverture,1.463782051282062,1.463782051282062
2021-10-14 07:32:19,PLATINUM,FX/Indices,1H,1026.5,1020.63,1041.7,1105.6,2.589437819420789,13.47529812606471,OBJECTIF ATTEINT,8.6,hors_couverture_historique,,,,False,2021-10-14 15:01:10,hors_couverture,2.589437819420789,2.589437819420789
2021-10-15 08:32:40,NATURAL GAS,FX/Indices,1H,5.726,5.656,5.808,5.964,1.1714285714285646,3.3999999999999924,INVALIDÉE,7.1,hors_couverture_historique,,,,False,2021-10-15 16:01:31,,-1.0,-1.0
2021-10-26 04:50:21,NATURAL GAS,FX/Indices,Journalier,6.22,6.102,6.439,7.259,1.855932203389842,8.805084745762759,INVALIDÉE,8.4,hors_couverture_historique,,,,False,2021-10-26 12:19:12,,-1.0,-1.0
2021-12-02 21:31:28,NATURAL GAS,FX/Indices,1H,4.112,4.139,4.041,3.798,2.6296296296296067,11.629629629629571,INVALIDÉE,7.9,hors_couverture_historique,,,,False,2021-12-03 05:00:19,,-1.0,-1.0
2021-12-03 21:30:47,NATURAL GAS,FX/Indices,1H,4.097,4.139,4.041,3.798,1.3333333333333404,7.11904761904766,OBJECTIF ATTEINT,8.0,hors_couverture_historique,,,,False,2021-12-04 04:59:38,hors_couverture,1.3333333333333404,1.3333333333333404
2021-12-10 11:32:40,PALLADIUM,FX/Indices,1H,1777.0,1799.64,1750.25,1727.08,1.181537102473493,2.204946996466425,OBJECTIF ATTEINT,7.9,hors_couverture_historique,,,,False,2021-12-10 19:01:31,hors_couverture,1.181537102473493,1.181537102473493
2022-01-07 04:30:25,NATURAL GAS,FX/Indices,1H,3.861,3.822,3.931,4.031,1.794871794871784,4.358974358974329,OBJECTIF ATTEINT,7.0,hors_couverture_historique,,,,False,2022-01-07 11:59:16,hors_couverture,1.794871794871784,1.794871794871784
2022-01-07 20:36:17,NATURAL GAS,FX/Indices,1H,3.923,3.867,4.031,4.077,1.9285714285714208,2.749999999999996,OBJECTIF ATTEINT,7.9,hors_couverture_historique,,,,False,2022-01-08 04:05:08,hors_couverture,1.9285714285714208,1.9285714285714208
2022-01-12 01:30:36,NATURAL GAS,FX/Indices,1H,4.22,4.051,4.393,4.543,1.0236686390532572,1.9112426035503027,OBJECTIF ATTEINT,8.4,hors_couverture_historique,,,,False,2022-01-12 08:59:27,hors_couverture,1.0236686390532572,1.0236686390532572
2022-01-26 06:40:20,NATURAL GAS,FX/Indices,1H,3.914,3.891,3.978,4.067,2.7826086956521605,6.652173913043441,OBJECTIF ATTEINT,8.0,hors_couverture_historique,,,,False,2022-01-26 14:09:11,hors_couverture,2.7826086956521605,2.7826086956521605
2022-01-27 09:32:55,NATURAL GAS,FX/Indices,1H,4.103,4.04,4.194,4.335,1.4444444444444535,3.682539682539702,OBJECTIF ATTEINT,7.1,hors_couverture_historique,,,,False,2022-01-27 17:01:46,hors_couverture,1.4444444444444535,1.4444444444444535
2022-02-08 08:42:09,PLATINUM,FX/Indices,1H,1011.2,1020.9,991.1,970.96,2.0721649484536253,4.148453608247452,INVALIDÉE,8.2,hors_couverture_historique,,,,False,2022-02-08 16:11:00,,-1.0,-1.0
2022-02-14 20:45:59,PALLADIUM,FX/Indices,1H,2366.0,2355.5,2393.17,2424.0,2.5876190476190546,5.523809523809524,INVALIDÉE,7.7,hors_couverture_historique,,,,False,2022-02-15 04:14:50,,-1.0,-1.0
2022-03-08 12:42:09,PLATINUM,FX/Indices,1H,1150.0,1138.5,1165.3,1247.5,1.3304347826086915,8.478260869565217,OBJECTIF ATTEINT,8.4,hors_couverture_historique,,,,False,2022-03-08 20:11:00,hors_couverture,1.3304347826086915,1.3304347826086915
2022-03-22 05:39:57,PALLADIUM,FX/Indices,1H,2580.0,2530.33,2639.0,2717.4,1.1878397422991729,2.766257298167906,INVALIDÉE,8.2,hors_couverture_historique,,,,False,2022-03-22 13:08:48,,-1.0,-1.0
2022-03-22 06:40:20,NATURAL GAS,FX/Indices,1H,4.961,4.837,5.09,5.316,1.040322580645153,2.862903225806435,OBJECTIF ATTEINT,8.4,hors_couverture_historique,,,,False,2022-03-22 14:09:11,hors_couverture,1.040322580645153,1.040322580645153
2022-03-24 08:33:12,NATURAL GAS,FX/Indices,1H,5.211,5.113,5.33,5.501,1.2142857142857135,2.959183673469392,OBJECTIF ATTEINT,7.3,hors_couverture_historique,,,,False,2022-03-24 16:02:03,hors_couverture,1.2142857142857135,1.2142857142857135
2022-03-24 09:32:52,PLATINUM,FX/Indices,1H,1017.5,1028.65,1002.3,983.7,1.3632286995515626,3.031390134529119,INVALIDÉE,7.7,hors_couverture_historique,,,,False,2022-03-24 17:01:43,,-1.0,-1.0
2022-05-03 02:39:50,PLATINUM,FX/Indices,1H,935.9,932.32,942.4,953.34,1.815642458100596,4.871508379888383,OBJECTIF ATTEINT,8.6,hors_couverture_historique,,,,False,2022-05-03 10:08:41,hors_couverture,1.815642458100596,1.815642458100596
2022-06-14 15:38:55,PLATINUM,FX/Indices,1H,917.3,923.3,903.25,851.77,2.3416666666666592,10.921666666666662,INVALIDÉE,8.0,hors_couverture_historique,,,,False,2022-06-14 23:07:46,,-1.0,-1.0
2022-06-27 12:40:46,PALLADIUM,FX/Indices,1H,1924.0,1899.5,1948.77,2002.53,1.0110204081632646,3.2053061224489783,INVALIDÉE,8.9,hors_couverture_historique,,,,False,2022-06-27 20:09:37,,-1.0,-1.0
2022-06-27 14:45:37,PLATINUM,FX/Indices,1H,891.4,903.25,865.43,851.77,2.191561181434597,3.344303797468348,INVALIDÉE,7.9,hors_couverture_historique,,,,False,2022-06-27 22:14:28,,-1.0,-1.0
2022-06-28 07:40:38,PALLADIUM,FX/Indices,1H,1899.5,1884.5,1924.5,1950.0,1.6666666666666667,3.3666666666666667,INVALIDÉE,7.7,hors_couverture_historique,,,,False,2022-06-28 15:09:29,,-1.0,-1.0
2022-06-30 23:11:59,PLATINUM,FX/Indices,Journalier,882.9,902.15,850.67,833.17,1.6742857142857153,2.5833766233766244,OBJECTIF ATTEINT,8.6,hors_couverture_historique,,,,False,2022-07-01 06:40:50,hors_couverture,1.6742857142857153,1.6742857142857153
2022-07-01 13:05:58,PLATINUM,FX/Indices,Journalier,853.7,870.03,833.17,829.17,1.2571953459889882,1.5021432945499202,INVALIDÉE,8.6,hors_couverture_historique,,,,False,2022-07-01 20:34:49,,-1.0,-1.0
2022-07-05 09:06:27,PLATINUM,FX/Indices,Journalier,856.3,884.8,801.87,732.43,1.909824561403507,4.346315789473684,INVALIDÉE,8.8,hors_couverture_historique,,,,False,2022-07-05 16:35:18,,-1.0,-1.0
2022-07-29 17:35:03,PLATINUM,FX/Indices,1H,891.2,881.34,902.18,931.22,1.1135902636916724,4.058823529411757,OBJECTIF ATTEINT,8.4,hors_couverture_historique,,,,False,2022-07-30 01:03:54,hors_couverture,1.1135902636916724,1.1135902636916724
2022-08-01 23:29:37,PALLADIUM,FX/Indices,1H,2207.0,2189.47,2247.4,2361.47,2.3046206503137268,8.811751283513864,INVALIDÉE,8.6,hors_couverture_historique,,,,False,2022-08-02 06:58:28,,-1.0,-1.0
2022-08-02 19:34:59,NATURAL GAS,FX/Indices,1H,7.668,7.751,7.575,7.144,1.1204819277108404,6.313253012048179,INVALIDÉE,8.0,hors_couverture_historique,,,,False,2022-08-03 03:03:50,,-1.0,-1.0
2022-08-16 02:31:02,NATURAL GAS,FX/Indices,1H,8.838,8.732,8.994,9.242,1.4716981132075544,3.8113207547170016,OBJECTIF ATTEINT,8.4,hors_couverture_historique,,,,False,2022-08-16 09:59:53,hors_couverture,1.4716981132075544,1.4716981132075544
2022-09-07 11:31:11,PLATINUM,FX/Indices,1H,841.0,835.11,850.67,868.8,1.6417657045840377,4.719864176570462,OBJECTIF ATTEINT,8.6,hors_couverture_historique,,,,False,2022-09-07 19:00:02,hors_couverture,1.6417657045840377,1.6417657045840377
2022-09-12 05:49:24,PALLADIUM,FX/Indices,Journalier,2160.5,2086.43,2256.9,2436.43,1.30147158093695,3.7252598892939006,INVALIDÉE,6.8,hors_couverture_historique,,,,False,2022-09-12 13:18:15,,-1.0,-1.0
2022-09-14 02:29:37,NATURAL GAS,FX/Indices,1H,8.436,8.301,8.623,8.995,1.3851851851851829,4.140740740740742,OBJECTIF ATTEINT,8.2,hors_couverture_historique,,,,False,2022-09-14 09:58:28,hors_couverture,1.3851851851851829,1.3851851851851829
2022-09-19 12:31:21,PLATINUM,FX/Indices,1H,909.3,903.42,919.1,931.22,1.6666666666666796,3.7278911564626,OBJECTIF ATTEINT,7.7,hors_couverture_historique,,,,False,2022-09-19 20:00:12,hors_couverture,1.6666666666666796,1.6666666666666796
2022-09-21 08:31:24,PLATINUM,FX/Indices,1H,932.4,918.84,947.87,959.4,1.1408554572271452,1.991150442477884,INVALIDÉE,8.4,hors_couverture_historique,,,,False,2022-09-21 16:00:15,,-1.0,-1.0
2022-09-27 22:29:35,PLATINUM,FX/Indices,1H,849.3,864.4,826.17,817.3,1.531788079470196,2.1192052980132416,INVALIDÉE,7.7,hors_couverture_historique,,,,False,2022-09-28 05:58:26,,-1.0,-1.0
2022-10-17 03:29:36,PLATINUM,FX/Indices,1H,905.8,903.19,912.31,922.32,2.4942528735633105,6.329501915709091,OBJECTIF ATTEINT,7.9,hors_couverture_historique,,,,False,2022-10-17 10:58:27,hors_couverture,2.4942528735633105,2.4942528735633105
2022-10-28 15:37:12,PALLADIUM,FX/Indices,1H,1891.0,1905.0,1876.0,1787.9,1.0714285714285714,7.364285714285708,INVALIDÉE,8.0,hors_couverture_historique,,,,False,2022-10-28 23:06:03,,-1.0,-1.0
2022-11-04 20:48:55,PLATINUM,FX/Indices,Journalier,967.4,950.5,997.67,1018.25,1.791124260355031,3.008875739644976,OBJECTIF ATTEINT,8.6,hors_couverture_historique,,,,False,2022-11-05 04:17:46,hors_couverture,1.791124260355031,1.791124260355031
2022-11-18 17:35:25,PALLADIUM,FX/Indices,1H,1944.5,1973.2,1905.7,1847.5,1.3519163763066164,3.379790940766545,OBJECTIF ATTEINT,8.6,hors_couverture_historique,,,,False,2022-11-19 01:04:16,hors_couverture,1.3519163763066164,1.3519163763066164
2022-12-11 23:29:26,NATURAL GAS,FX/Indices,1H,6.879,6.81,7.045,7.383,2.4057971014492825,7.304347826086968,INVALIDÉE,8.8,hors_couverture_historique,,,,False,2022-12-12 06:58:17,,-1.0,-1.0
2022-12-13 11:31:06,NATURAL GAS,FX/Indices,1H,6.849,6.77,7.045,7.213,2.481012658227825,4.607594936708823,INVALIDÉE,7.7,hors_couverture_historique,,,,False,2022-12-13 18:59:57,,-1.0,-1.0
2022-12-19 16:37:39,PLATINUM,FX/Indices,1H,992.7,996.84,985.0,950.5,1.8599033816425288,10.19323671497589,INVALIDÉE,7.9,hors_couverture_historique,,,,False,2022-12-20 00:06:30,,-1.0,-1.0
2022-12-27 13:30:50,PALLADIUM,FX/Indices,1H,1788.5,1777.17,1803.3,1870.0,1.306266548985,7.193292144748502,OBJECTIF ATTEINT,8.2,hors_couverture_historique,,,,False,2022-12-27 20:59:41,hors_couverture,1.306266548985,1.306266548985
2022-12-27 14:30:44,PALLADIUM,FX/Indices,1H,1786.0,1777.17,1803.3,1870.0,1.959229898074756,9.513023782559534,OBJECTIF ATTEINT,8.2,hors_couverture_historique,,,,False,2022-12-27 21:59:35,hors_couverture,1.959229898074756,1.959229898074756
2022-12-27 17:34:13,PALLADIUM,FX/Indices,1H,1832.5,1803.3,1870.0,1907.58,1.2842465753424637,2.5712328767123225,INVALIDÉE,8.6,hors_couverture_historique,,,,False,2022-12-28 01:03:04,,-1.0,-1.0
2022-12-29 18:34:53,PALLADIUM,FX/Indices,1H,1814.5,1803.3,1840.0,1870.0,2.276785714285705,4.955357142857123,INVALIDÉE,8.6,hors_couverture_historique,,,,False,2022-12-30 02:03:44,,-1.0,-1.0
2022-12-30 14:30:51,PALLADIUM,FX/Indices,1H,1799.0,1777.17,1840.0,1890.67,1.8781493357764607,4.199267063673861,INVALIDÉE,8.6,hors_couverture_historique,,,,False,2022-12-30 21:59:42,,-1.0,-1.0
2023-01-03 05:29:01,PALLADIUM,FX/Indices,1H,1803.0,1773.67,1842.0,1935.33,1.32969655642687,4.511762700306861,INVALIDÉE,8.6,hors_couverture_historique,,,,False,2023-01-03 12:57:52,,-1.0,-1.0
2023-01-10 04:51:04,PLATINUM,FX/Indices,Journalier,1092.3,1063.74,1121.37,1152.99,1.0178571428571426,2.1250000000000058,INVALIDÉE,8.6,hors_couverture_historique,,,,False,2023-01-10 12:19:55,,-1.0,-1.0
2023-01-18 19:35:35,PALLADIUM,FX/Indices,1H,1707.0,1731.0,1675.1,1611.75,1.3291666666666704,3.96875,OBJECTIF ATTEINT,7.7,hors_couverture_historique,,,,False,2023-01-19 03:04:26,hors_couverture,1.3291666666666704,1.3291666666666704
2023-02-02 08:33:46,PALLADIUM,FX/Indices,1H,1677.5,1664.9,1703.75,1728.0,2.0833333333333486,4.007936507936537,INVALIDÉE,8.2,hors_couverture_historique,,,,False,2023-02-02 16:02:37,,-1.0,-1.0
2023-02-24 17:36:49,PALLADIUM,FX/Indices,1H,1375.0,1411.67,1330.83,1248.17,1.2045268611944364,3.458685574038715,INVALIDÉE,8.0,hors_couverture_historique,,,,False,2023-02-25 01:05:40,,-1.0,-1.0
2023-03-01 05:31:00,NATURAL GAS,FX/Indices,1H,2.774,2.725,2.902,3.217,2.6122448979591897,9.040816326530626,INVALIDÉE,8.2,hors_couverture_historique,,,,False,2023-03-01 12:59:51,,-1.0,-1.0
2023-03-03 06:30:21,NATURAL GAS,FX/Indices,1H,2.794,2.725,2.863,2.902,1.0,1.5652173913043503,OBJECTIF ATTEINT,8.6,hors_couverture_historique,,,,False,2023-03-03 13:59:12,hors_couverture,1.0,1.0
2023-03-03 18:35:53,PALLADIUM,FX/Indices,1H,1447.5,1440.2,1455.62,1496.33,1.1123287671232795,6.689041095890443,INVALIDÉE,7.5,hors_couverture_historique,,,,False,2023-03-04 02:04:44,,-1.0,-1.0
2023-03-06 17:37:20,PLATINUM,FX/Indices,1H,978.4,973.4,990.1,1025.5,2.340000000000009,9.420000000000003,INVALIDÉE,7.7,hors_couverture_historique,,,,False,2023-03-07 01:06:11,,-1.0,-1.0
2023-03-10 20:36:39,NATURAL GAS,FX/Indices,1H,2.439,2.466,2.39,2.227,1.8148148148148036,7.851851851851819,INVALIDÉE,7.3,hors_couverture_historique,,,,False,2023-03-11 04:05:30,,-1.0,-1.0
2023-03-22 10:33:44,PALLADIUM,FX/Indices,1H,1381.0,1394.0,1362.1,1346.0,1.453846153846161,2.6923076923076925,INVALIDÉE,7.9,hors_couverture_historique,,,,False,2023-03-22 18:02:35,,-1.0,-1.0
2023-03-28 18:35:37,PLATINUM,FX/Indices,1H,963.6,966.73,960.2,953.0,1.0862619808306653,3.3865814696485743,OBJECTIF ATTEINT,7.9,hors_couverture_historique,,,,False,2023-03-29 02:04:28,hors_couverture,1.0862619808306653,1.0862619808306653
2023-03-31 19:36:34,PLATINUM,FX/Indices,1H,1002.1,998.92,1008.27,1014.16,1.9402515723269924,3.792452830188586,INVALIDÉE,8.2,hors_couverture_historique,,,,False,2023-04-01 03:05:25,,-1.0,-1.0
2023-04-03 04:52:47,NATURAL GAS,FX/Indices,Journalier,2.087,2.192,1.98,1.886,1.0190476190476212,1.9142857142857173,INVALIDÉE,8.0,hors_couverture_historique,,,,False,2023-04-03 12:21:38,,-1.0,-1.0
2023-04-04 09:33:27,PLATINUM,FX/Indices,1H,1000.6,996.45,1009.16,1014.16,2.0626506024096365,3.267469879518077,OBJECTIF ATTEINT,8.4,hors_couverture_historique,,,,False,2023-04-04 17:02:18,hors_couverture,2.0626506024096365,2.0626506024096365
2023-04-24 13:33:23,PALLADIUM,FX/Indices,1H,1552.5,1577.75,1524.2,1462.79,1.120792079207919,3.5528712871287143,OBJECTIF ATTEINT,8.4,hors_couverture_historique,,,,False,2023-04-24 21:02:14,hors_couverture,1.120792079207919,1.120792079207919
2023-06-09 09:32:30,NATURAL GAS,FX/Indices,1H,2.331,2.317,2.357,2.41,1.8571428571429025,5.64285714285724,INVALIDÉE,7.3,hors_couverture_historique,,,,False,2023-06-09 17:01:21,,-1.0,-1.0
2023-06-14 22:29:48,PALLADIUM,FX/Indices,1H,1393.0,1384.59,1417.5,1448.5,2.913198573127201,6.5992865636146805,INVALIDÉE,7.9,hors_couverture_historique,,,,False,2023-06-15 05:58:39,,-1.0,-1.0
2023-06-15 09:32:01,NATURAL GAS,FX/Indices,1H,2.349,2.316,2.39,2.572,1.2424242424242264,6.75757575757568,OBJECTIF ATTEINT,8.6,hors_couverture_historique,,,,False,2023-06-15 17:00:52,hors_couverture,1.2424242424242264,1.2424242424242264
2023-06-16 05:29:45,PALLADIUM,FX/Indices,1H,1401.0,1384.62,1417.5,1432.5,1.0073260073260006,1.9230769230769105,OBJECTIF ATTEINT,8.8,hors_couverture_historique,,,,False,2023-06-16 12:58:36,hors_couverture,1.0073260073260006,1.0073260073260006
2023-07-12 05:29:49,PLATINUM,FX/Indices,1H,938.0,935.5,942.84,972.83,1.9360000000000128,13.932000000000016,OBJECTIF ATTEINT,7.3,hors_couverture_historique,,,,False,2023-07-12 12:58:40,hors_couverture,1.9360000000000128,1.9360000000000128
2023-08-04 14:03:12,PLATINUM,FX/Indices,Journalier,927.9,944.52,907.12,843.0,1.2503008423586022,5.10830324909747,INVALIDÉE,7.3,hors_couverture_historique,,,,False,2023-08-04 21:32:03,,-1.0,-1.0
2023-08-08 15:09:14,PLATINUM,FX/Indices,Journalier,903.7,944.52,843.0,822.0,1.4870161685448344,2.00146986771191,INVALIDÉE,8.6,hors_couverture_historique,,,,False,2023-08-08 22:38:05,,-1.0,-1.0
2023-08-25 20:25:45,PLATINUM,FX/Indices,1H,951.1,944.52,964.87,1010.62,2.0927051671732366,9.045592705167117,OBJECTIF ATTEINT,8.8,hors_couverture_historique,,,,False,2023-08-26 03:54:36,hors_couverture,2.0927051671732366,2.0927051671732366
2023-09-07 11:26:58,PALLADIUM,FX/Indices,1H,1197.5,1214.94,1175.64,1141.27,1.2534403669724674,3.224197247706413,INVALIDÉE,7.7,hors_couverture_historique,,,,False,2023-09-07 18:55:49,,-1.0,-1.0
2023-09-12 04:25:34,PALLADIUM,FX/Indices,1H,1223.0,1214.85,1233.0,1240.0,1.226993865030661,2.085889570552124,OBJECTIF ATTEINT,8.2,hors_couverture_historique,,,,False,2023-09-12 11:54:25,hors_couverture,1.226993865030661,1.226993865030661
2023-09-20 10:27:10,PLATINUM,FX/Indices,1H,948.9,944.52,955.0,986.1,1.3926940639269472,8.493150684931527,INVALIDÉE,7.5,hors_couverture_historique,,,,False,2023-09-20 17:56:01,,-1.0,-1.0
2023-09-26 07:26:55,NATURAL GAS,FX/Indices,1H,2.859,2.88,2.802,2.668,2.7142857142857237,9.095238095238129,INVALIDÉE,8.2,hors_couverture_historique,,,,False,2023-09-26 14:55:46,,-1.0,-1.0
2023-09-28 19:29:42,NATURAL GAS,FX/Indices,1H,2.944,2.908,2.982,3.03,1.0555555555555618,2.388888888888882,INVALIDÉE,8.2,hors_couverture_historique,,,,False,2023-09-29 02:58:33,,-1.0,-1.0
2023-10-03 02:40:19,PLATINUM,FX/Indices,Journalier,876.4,902.01,837.37,831.0,1.524014057008979,1.772745021475984,INVALIDÉE,8.6,hors_couverture_historique,,,,False,2023-10-03 10:09:10,,-1.0,-1.0
2023-10-04 06:40:38,PALLADIUM,FX/Indices,Journalier,1160.5,1175.64,1125.0,1069.5,2.344782034346088,6.010568031704056,OBJECTIF ATTEINT,8.6,hors_couverture_historique,,,,False,2023-10-04 14:09:29,hors_couverture,2.344782034346088,2.344782034346088
2023-10-18 19:30:42,NATURAL GAS,FX/Indices,1H,3.05,3.067,3.024,2.965,1.5294117647058394,4.999999999999895,INVALIDÉE,7.9,hors_couverture_historique,,,,False,2023-10-19 02:59:33,,-1.0,-1.0
2023-10-25 00:25:00,PALLADIUM,FX/Indices,1H,1133.5,1126.33,1152.7,1175.64,2.677824267782406,5.877266387726593,INVALIDÉE,6.8,hors_couverture_historique,,,,False,2023-10-25 07:53:51,,-1.0,-1.0
2023-10-25 16:31:56,PALLADIUM,FX/Indices,1H,1142.0,1133.1,1153.17,1162.5,1.2550561797752762,2.3033707865168305,INVALIDÉE,8.2,hors_couverture_historique,,,,False,2023-10-26 00:00:47,,-1.0,-1.0
2023-11-01 17:30:25,PALLADIUM,FX/Indices,1H,1113.5,1122.1,1101.5,1088.0,1.395348837209317,2.965116279069799,INVALIDÉE,8.2,hors_couverture_historique,,,,False,2023-11-02 00:59:16,,-1.0,-1.0
2023-11-16 10:26:59,PALLADIUM,FX/Indices,1H,1041.5,1035.5,1053.96,1100.2,2.076666666666673,9.78333333333334,INVALIDÉE,8.2,hors_couverture_historique,,,,False,2023-11-16 17:55:50,,-1.0,-1.0
2023-11-17 09:27:18,PLATINUM,FX/Indices,1H,903.9,900.46,908.96,943.0,1.470930232558182,11.366279069767645,OBJECTIF ATTEINT,7.3,hors_couverture_historique,,,,False,2023-11-17 16:56:09,hors_couverture,1.470930232558182,1.470930232558182
2023-11-20 04:25:06,PALLADIUM,FX/Indices,1H,1066.0,1048.63,1088.5,1101.0,1.295336787564775,2.014968336211872,OBJECTIF ATTEINT,8.6,hors_couverture_historique,,,,False,2023-11-20 11:53:57,hors_couverture,1.295336787564775,1.295336787564775
2023-12-06 20:31:11,PLATINUM,FX/Indices,1H,893.7,900.46,880.4,862.5,1.967455621301788,4.615384615384628,INVALIDÉE,8.0,hors_couverture_historique,,,,False,2023-12-07 04:00:02,,-1.0,-1.0
2023-12-07 01:43:13,PALLADIUM,FX/Indices,Journalier,948.5,964.34,928.6,846.8,1.2563131313131273,6.420454545454535,INVALIDÉE,8.0,hors_couverture_historique,,,,False,2023-12-07 09:12:04,,-1.0,-1.0
2023-12-14 03:25:31,PALLADIUM,FX/Indices,1H,1004.5,999.0,1011.0,1021.0,1.181818181818182,3.0,OBJECTIF ATTEINT,8.8,hors_couverture_historique,,,,False,2023-12-14 10:54:22,hors_couverture,1.181818181818182,1.181818181818182
2024-01-12 03:26:01,NATURAL GAS,FX/Indices,1H,3.175,3.156,3.201,3.407,1.3684210526316147,12.210526315789688,INVALIDÉE,8.6,hors_couverture_historique,,,,False,2024-01-12 10:54:52,,-1.0,-1.0
2024-01-23 16:32:37,PALLADIUM,FX/Indices,1H,946.0,934.0,964.34,981.67,1.528333333333336,2.9724999999999966,OBJECTIF ATTEINT,7.9,hors_couverture_historique,,,,False,2024-01-24 00:01:28,hors_couverture,1.528333333333336,1.528333333333336
2024-03-04 07:26:48,NATURAL GAS,FX/Indices,1H,1.894,1.877,1.918,2.029,1.411764705882362,7.941176470588281,OBJECTIF ATTEINT,8.6,hors_couverture_historique,,,,False,2024-03-04 14:55:39,hors_couverture,1.411764705882362,1.411764705882362
2024-03-05 10:27:17,NATURAL GAS,FX/Indices,1H,1.936,1.918,1.989,2.14,2.9444444444444504,11.333333333333334,INVALIDÉE,7.7,hors_couverture_historique,,,,False,2024-03-05 17:56:08,,-1.0,-1.0
2024-03-07 09:27:36,NATURAL GAS,FX/Indices,1H,1.947,1.919,2.009,2.14,2.2142857142857064,6.892857142857139,INVALIDÉE,8.0,hors_couverture_historique,,,,False,2024-03-07 16:56:27,,-1.0,-1.0
2024-03-13 16:00:25,NATURAL GAS,FX/Indices,Journalier,1.675,1.745,1.602,1.563,1.0428571428571414,1.6,INVALIDÉE,7.7,hors_couverture_historique,,,,False,2024-03-13 23:29:16,,-1.0,-1.0
2024-03-19 20:25:37,NATURAL GAS,FX/Indices,1H,1.743,1.717,1.783,1.841,1.53846153846153,3.7692307692307607,INVALIDÉE,8.0,hors_couverture_historique,,,,False,2024-03-20 03:54:28,,-1.0,-1.0
2024-03-22 13:28:13,NATURAL GAS,FX/Indices,1H,1.663,1.691,1.585,1.515,2.7857142857142856,5.285714285714286,INVALIDÉE,8.0,hors_couverture_historique,,,,False,2024-03-22 20:57:04,,-1.0,-1.0
2024-04-17 06:43:48,NATURAL GAS,FX/Indices,Journalier,1.687,1.718,1.627,1.474,1.9354838709677489,6.870967741935505,INVALIDÉE,7.7,hors_couverture_historique,,,,False,2024-04-17 14:12:39,,-1.0,-1.0
2024-04-19 12:28:52,PLATINUM,FX/Indices,1H,938.5,944.0,928.1,910.54,1.8909090909090869,5.08363636363637,INVALIDÉE,8.6,hors_couverture_historique,,,,False,2024-04-19 19:57:43,,-1.0,-1.0
2024-05-07 22:26:23,NATURAL GAS,FX/Indices,1H,2.22,2.188,2.262,2.308,1.3124999999999931,2.7499999999999862,INVALIDÉE,8.6,hors_couverture_historique,,,,False,2024-05-08 05:55:14,,-1.0,-1.0
2024-05-08 19:32:23,PLATINUM,FX/Indices,1H,985.6,980.3,992.8,1001.7,1.3584905660377056,3.037735849056569,OBJECTIF ATTEINT,7.7,hors_couverture_historique,,,,False,2024-05-09 03:01:14,hors_couverture,1.3584905660377056,1.3584905660377056
2024-05-15 04:27:05,PALLADIUM,FX/Indices,1H,998.0,994.17,1006.0,1040.23,2.08877284595298,11.0261096605743,OBJECTIF ATTEINT,8.9,hors_couverture_historique,,,,False,2024-05-15 11:55:56,hors_couverture,2.08877284595298,2.08877284595298
2024-05-15 09:27:17,NATURAL GAS,FX/Indices,1H,2.368,2.344,2.397,2.464,1.2083333333333288,4.0,INVALIDÉE,8.6,hors_couverture_historique,,,,False,2024-05-15 16:56:08,,-1.0,-1.0
2024-05-16 00:26:33,NATURAL GAS,FX/Indices,1H,2.424,2.397,2.464,2.564,1.4814814814814754,5.185185185185164,INVALIDÉE,8.6,hors_couverture_historique,,,,False,2024-05-16 07:55:24,,-1.0,-1.0
2024-05-16 18:32:38,NATURAL GAS,FX/Indices,1H,2.496,2.464,2.564,2.757,2.125,8.156249999999996,OBJECTIF ATTEINT,8.0,hors_couverture_historique,,,,False,2024-05-17 02:01:29,hors_couverture,2.125,2.125
2024-05-20 03:25:09,PLATINUM,FX/Indices,1H,1100.4,1091.1,1127.0,1190.73,2.8602150537633757,9.712903225806254,INVALIDÉE,8.8,hors_couverture_historique,,,,False,2024-05-20 10:54:00,,-1.0,-1.0
2024-05-21 13:27:40,PALLADIUM,FX/Indices,1H,1034.5,1026.0,1044.5,1088.9,1.1764705882352942,6.400000000000011,INVALIDÉE,8.4,hors_couverture_historique,,,,False,2024-05-21 20:56:31,,-1.0,-1.0
2024-06-11 07:27:47,NATURAL GAS,FX/Indices,1H,3.032,3.0,3.066,3.131,1.0624999999999931,3.09374999999999,OBJECTIF ATTEINT,7.9,hors_couverture_historique,,,,False,2024-06-11 14:56:38,hors_couverture,1.0624999999999931,1.0624999999999931
2024-06-20 23:26:14,PALLADIUM,FX/Indices,1H,919.5,914.0,927.0,937.0,1.3636363636363635,3.1818181818181817,OBJECTIF ATTEINT,8.4,hors_couverture_historique,,,,False,2024-06-21 06:55:05,hors_couverture,1.3636363636363635,1.3636363636363635
2024-06-21 06:26:12,PLATINUM,FX/Indices,1H,986.9,984.13,992.8,1001.7,2.1299638989169734,5.342960288808724,INVALIDÉE,8.4,hors_couverture_historique,,,,False,2024-06-21 13:55:03,,-1.0,-1.0
2024-06-24 07:27:28,PALLADIUM,FX/Indices,1H,932.5,925.5,943.28,968.0,1.539999999999996,5.071428571428571,OBJECTIF ATTEINT,7.7,hors_couverture_historique,,,,False,2024-06-24 14:56:19,hors_couverture,1.539999999999996,1.539999999999996
2024-06-27 20:26:28,NATURAL GAS,FX/Indices,1H,2.696,2.757,2.632,2.448,1.0491803278688543,4.0655737704918105,OBJECTIF ATTEINT,7.9,hors_couverture_historique,,,,False,2024-06-28 03:55:19,hors_couverture,1.0491803278688543,1.0491803278688543
2024-07-05 08:28:38,PLATINUM,FX/Indices,1H,1022.6,1015.7,1031.4,1038.2,1.2753623188405938,2.2608695652174022,OBJECTIF ATTEINT,7.7,hors_couverture_historique,,,,False,2024-07-05 15:57:29,hors_couverture,1.2753623188405938,1.2753623188405938
2024-08-08 10:48:22,PLATINUM,FX/Indices,Journalier,926.1,943.53,907.58,886.24,1.0625358577165829,2.2868617326448724,INVALIDÉE,7.9,hors_couverture_historique,,,,False,2024-08-08 18:17:13,,-1.0,-1.0
2024-08-14 00:25:57,PALLADIUM,FX/Indices,1H,930.0,923.2,942.1,988.34,1.7794117647058976,8.579411764705945,INVALIDÉE,8.6,hors_couverture_historique,,,,False,2024-08-14 07:54:48,,-1.0,-1.0
2024-08-15 07:27:36,PALLADIUM,FX/Indices,1H,933.0,923.0,944.3,988.34,1.1299999999999957,5.534000000000003,INVALIDÉE,7.5,hors_couverture_historique,,,,False,2024-08-15 14:56:27,,-1.0,-1.0
2024-09-03 20:24:56,NATURAL GAS,FX/Indices,1H,2.212,2.202,2.239,2.293,2.699999999999907,8.09999999999981,INVALIDÉE,8.8,sl_avant_tp1,2024-09-04 12:00:00,2024-09-03 22:00:00,2024-09-03 22:00:00,True,2024-09-03 22:00:00,,-1.0,-1.0
2024-09-04 13:27:34,NATURAL GAS,FX/Indices,1H,2.25,2.225,2.291,2.368,1.6400000000000028,4.720000000000012,INVALIDÉE,8.6,sl_avant_tp1,2024-09-06 10:00:00,2024-09-04 14:00:00,2024-09-04 14:00:00,True,2024-09-04 14:00:00,,-1.0,-1.0
2024-09-09 04:25:22,PLATINUM,FX/Indices,1H,936.5,933.8,942.0,953.17,2.0370370370370026,6.174074074073955,INVALIDÉE,8.4,sl_avant_tp1,2024-09-09 09:00:00,2024-09-09 05:00:00,2024-09-09 05:00:00,True,2024-09-09 05:00:00,,-1.0,-1.0
2024-09-11 06:26:11,PALLADIUM,FX/Indices,1H,982.5,977.0,993.84,1046.77,2.061818181818188,11.685454545454542,INVALIDÉE,8.8,sl_avant_tp1,2024-09-11 14:00:00,2024-09-11 07:00:00,2024-09-11 07:00:00,True,2024-09-11 07:00:00,,-1.0,-1.0
2024-09-11 22:28:43,PLATINUM,FX/Indices,1H,958.8,952.3,973.43,998.13,2.25076923076923,6.050769230769237,OBJECTIF ATTEINT,8.2,tp1_avant_tp2,2024-09-12 14:00:00,2024-10-09 11:00:00,2024-09-12 14:00:00,True,2024-09-12 14:00:00,continuation_confirmee,6.050769230769237,6.238461538461549
2024-09-23 07:27:01,PALLADIUM,FX/Indices,1H,1044.0,1046.77,1038.23,993.84,2.083032490974736,18.10830324909758,INVALIDÉE,7.5,sl_avant_tp1,2024-09-23 16:00:00,2024-09-23 08:00:00,2024-09-23 08:00:00,True,2024-09-23 08:00:00,,-1.0,-1.0
2024-10-02 09:28:39,NATURAL GAS,FX/Indices,1H,2.939,2.886,2.999,3.065,1.1320754716981156,2.3773584905660385,OBJECTIF ATTEINT,8.6,tp1_avant_tp2,2024-10-02 12:00:00,2024-10-02 14:00:00,2024-10-02 12:00:00,True,2024-10-02 12:00:00,continuation_confirmee,2.3773584905660385,3.4094339622641523
2024-10-03 22:38:00,NATURAL GAS,FX/Indices,1H,2.97,2.946,2.999,3.065,1.2083333333333288,3.9583333333333193,INVALIDÉE,8.6,tp1_avant_sl,2024-10-04 11:00:00,2024-10-04 12:00:00,2024-10-04 12:00:00,True,2024-10-04 12:00:00,,-1.0,-1.0
2024-10-07 19:33:04,PALLADIUM,FX/Indices,1H,1024.0,1005.5,1045.1,1059.5,1.1405405405405356,1.9189189189189189,INVALIDÉE,7.9,sl_avant_tp1,2024-10-09 15:00:00,2024-10-08 02:00:00,2024-10-08 02:00:00,True,2024-10-08 02:00:00,,-1.0,-1.0
2024-10-10 22:52:29,PALLADIUM,FX/Indices,Journalier,1080.0,1067.4,1107.4,1236.1,2.174603174603197,12.388888888888973,INVALIDÉE,8.4,sl_avant_tp1,2024-10-24 01:00:00,2024-10-11 14:00:00,2024-10-11 14:00:00,True,2024-10-11 14:00:00,,-1.0,-1.0
2024-10-22 05:43:52,PALLADIUM,FX/Indices,Journalier,1066.0,1045.1,1107.4,1236.1,1.9808612440191344,8.138755980861204,OBJECTIF ATTEINT,8.2,tp1_avant_tp2,2024-10-24 01:00:00,2024-11-06 06:00:00,2024-10-24 01:00:00,True,2024-10-24 01:00:00,continuation_confirmee,8.138755980861204,8.464593301435373
2024-10-24 05:26:04,PLATINUM,FX/Indices,1H,1038.7,1035.4,1042.7,1048.7,1.2121212121212288,3.030303030303072,OBJECTIF ATTEINT,7.7,tp1_avant_tp2,2024-10-24 06:00:00,2024-10-24 14:00:00,2024-10-24 06:00:00,True,2024-10-24 06:00:00,continuation_confirmee,3.030303030303072,3.021212121212171
2024-10-24 07:29:57,PALLADIUM,FX/Indices,1H,1119.0,1107.4,1147.63,1205.27,2.468103448275891,7.437068965517298,OBJECTIF ATTEINT,8.6,tp1_avant_tp2,2024-10-24 09:00:00,2024-11-01 02:00:00,2024-10-24 09:00:00,True,2024-10-24 09:00:00,continuation_confirmee,7.437068965517298,8.606896551724198
2024-10-24 13:27:56,PLATINUM,FX/Indices,1H,1048.1,1042.7,1057.08,1092.2,1.6629629629630085,8.166666666666899,INVALIDÉE,8.6,sl_avant_tp1,2024-10-29 02:00:00,2024-10-24 14:00:00,2024-10-24 14:00:00,True,2024-10-24 14:00:00,,-1.0,-1.0
2024-11-08 10:29:48,PALLADIUM,FX/Indices,1H,1010.5,1021.3,993.84,949.23,1.542592592592596,5.6731481481481705,OBJECTIF ATTEINT,8.0,tp1_avant_tp2,2024-11-08 15:00:00,2024-11-19 13:00:00,2024-11-08 15:00:00,True,2024-11-08 15:00:00,continuation_confirmee,5.6731481481481705,5.9648148148148366
2024-11-20 21:26:19,NATURAL GAS,FX/Indices,1H,3.221,3.176,3.331,3.504,2.444444444444445,6.288888888888897,OBJECTIF ATTEINT,8.8,tp1_avant_tp2,2024-11-21 06:00:00,2024-11-22 13:00:00,2024-11-21 06:00:00,True,2024-11-21 06:00:00,continuation_confirmee,6.288888888888897,7.499999194675028
2024-11-22 01:28:27,PALLADIUM,FX/Indices,1H,1046.0,1032.5,1080.53,1103.0,2.557777777777776,4.222222222222222,INVALIDÉE,8.8,sl_avant_tp1,2025-06-09 06:00:00,2024-11-22 09:00:00,2024-11-22 09:00:00,True,2024-11-22 09:00:00,,-1.0,-1.0
2024-12-03 01:28:27,PLATINUM,FX/Indices,1H,952.3,947.6,959.1,963.6,1.4468085106383335,2.404255319148985,OBJECTIF ATTEINT,8.8,tp1_avant_tp2,2024-12-03 08:00:00,2024-12-03 02:00:00,2024-12-03 08:00:00,True,2024-12-03 08:00:00,continuation_confirmee,2.404255319148985,2.5595718708444557
2024-12-11 18:35:58,PALLADIUM,FX/Indices,1H,1011.0,1002.5,1022.53,1046.5,1.356470588235291,4.176470588235294,INVALIDÉE,8.9,tp1_avant_sl,2024-12-12 08:00:00,2024-12-12 13:00:00,2024-12-12 13:00:00,True,2024-12-12 13:00:00,,-1.0,-1.0
2024-12-12 18:35:26,NATURAL GAS,FX/Indices,1H,3.511,3.479,3.546,3.669,1.0937499999999896,4.937499999999993,INVALIDÉE,8.6,sl_avant_tp1,2024-12-19 16:00:00,2024-12-12 19:00:00,2024-12-12 19:00:00,True,2024-12-12 19:00:00,,-1.0,-1.0
2024-12-13 19:37:20,PLATINUM,FX/Indices,1H,923.9,929.9,911.0,890.9,2.1499999999999964,5.5,INVALIDÉE,8.2,sl_avant_tp1,2024-12-30 13:00:00,2024-12-16 08:00:00,2024-12-16 08:00:00,True,2024-12-16 08:00:00,,-1.0,-1.0
2024-12-18 12:31:09,PALLADIUM,FX/Indices,1H,930.0,945.0,905.57,895.1,1.6286666666666634,2.3266666666666653,OBJECTIF ATTEINT,8.2,tp1_avant_tp2,2024-12-18 20:00:00,2024-12-24 14:30:00,2024-12-18 20:00:00,True,2024-12-18 20:00:00,continuation_confirmee,2.3266666666666653,2.566666666666667
2025-01-09 17:53:57,NATURAL GAS,FX/Indices,Journalier,3.82,3.738,3.949,4.38,1.57317073170732,6.82926829268294,INVALIDÉE,8.6,sl_avant_tp1,2025-01-10 14:00:00,2025-01-09 18:00:00,2025-01-09 18:00:00,True,2025-01-09 18:00:00,,-1.0,-1.0
2025-01-09 23:41:59,PALLADIUM,FX/Indices,1H,944.0,939.0,949.0,995.34,1.0,10.268000000000006,OBJECTIF ATTEINT,8.8,tp1_avant_tp2,2025-01-10 03:00:00,2025-01-13 12:00:00,2025-01-10 03:00:00,True,2025-01-10 03:00:00,continuation_confirmee,10.268000000000006,12.4
2025-01-16 12:57:40,NATURAL GAS,FX/Indices,Journalier,4.143,3.945,4.38,4.787,1.1969696969696977,3.252525252525254,INVALIDÉE,9.1,sl_avant_tp1,2025-02-19 20:00:00,2025-01-17 18:00:00,2025-01-17 18:00:00,True,2025-01-17 18:00:00,,-1.0,-1.0
2025-02-04 03:31:55,PALLADIUM,FX/Indices,1H,1062.0,1046.53,1077.5,1103.7,1.001939237233353,2.6955397543632817,INVALIDÉE,8.4,sl_avant_tp1,2025-06-09 06:00:00,2025-02-04 09:00:00,2025-02-04 09:00:00,True,2025-02-04 09:00:00,,-1.0,-1.0
2025-02-06 19:36:53,PALLADIUM,FX/Indices,1H,991.0,995.34,981.07,964.0,2.2880184331796958,6.221198156681982,INVALIDÉE,8.4,sl_avant_tp1,2025-02-07 13:00:00,2025-02-06 20:00:00,2025-02-06 20:00:00,True,2025-02-06 20:00:00,,-1.0,-1.0
2025-02-12 15:07:53,NATURAL GAS,FX/Indices,Journalier,3.556,3.497,3.682,3.807,2.135593220338975,4.254237288135579,OBJECTIF ATTEINT,7.5,tp1_avant_tp2,2025-02-13 05:00:00,2025-02-12 16:00:00,2025-02-13 05:00:00,True,2025-02-13 05:00:00,continuation_confirmee,4.254237288135579,4.950849009368365
2025-02-13 20:37:27,PALLADIUM,FX/Indices,1H,1024.0,1015.44,1046.53,1077.5,2.632009345794406,6.25000000000004,INVALIDÉE,8.9,sl_avant_tp1,2025-05-21 14:00:00,2025-02-14 15:00:00,2025-02-14 15:00:00,True,2025-02-14 15:00:00,,-1.0,-1.0
2025-02-14 20:03:01,NATURAL GAS,FX/Indices,Journalier,3.735,3.682,3.807,4.319,1.3584905660377389,11.018867924528315,OBJECTIF ATTEINT,8.8,tp1_avant_tp2,2025-02-18 16:00:00,2025-02-16 23:00:00,2025-02-18 16:00:00,True,2025-02-18 16:00:00,continuation_confirmee,11.018867924528315,10.975472201941162
2025-02-18 20:00:00,NATURAL GAS,FX/Indices,Journalier,3.99,3.807,4.319,4.561,1.797814207650269,3.1202185792349666,OBJECTIF ATTEINT,9.1,tp1_avant_tp2,2025-02-19 19:00:00,2025-03-02 23:00:00,2025-02-19 19:00:00,True,2025-02-19 19:00:00,continuation_confirmee,3.1202185792349666,4.878142201574765
2025-02-21 21:29:33,PALLADIUM,FX/Indices,1H,982.5,985.6,976.0,941.43,2.096774193548372,13.248387096774112,OBJECTIF ATTEINT,8.0,tp1_avant_tp2,2025-02-24 07:00:00,2025-02-23 23:00:00,2025-02-24 07:00:00,True,2025-02-24 07:00:00,continuation_confirmee,13.248387096774112,13.448387096774113
2025-03-05 13:35:51,PLATINUM,FX/Indices,1H,981.2,972.9,995.17,1003.8,1.6831325301204576,2.722891566265027,INVALIDÉE,7.9,sl_avant_tp1,2025-03-12 07:00:00,2025-03-05 14:00:00,2025-03-05 14:00:00,True,2025-03-05 14:00:00,,-1.0,-1.0
2025-03-07 15:39:41,PALLADIUM,FX/Indices,1H,962.5,958.9,971.0,1001.84,2.361111111111096,10.927777777777717,INVALIDÉE,8.8,sl_avant_tp1,2025-03-10 13:00:00,2025-03-07 16:00:00,2025-03-07 16:00:00,True,2025-03-07 16:00:00,,-1.0,-1.0
2025-03-07 20:00:00,NATURAL GAS,FX/Indices,Journalier,4.396,4.283,4.564,5.141,1.4867256637168214,6.592920353982328,INVALIDÉE,8.8,tp1_avant_sl,2025-03-09 22:00:00,2025-03-12 11:00:00,2025-03-12 11:00:00,True,2025-03-12 11:00:00,,-1.0,-1.0
2025-03-10 22:27:38,PALLADIUM,FX/Indices,1H,941.0,948.38,924.6,908.28,2.2222222222222205,4.433604336043367,INVALIDÉE,8.0,sl_avant_tp1,2025-04-04 02:00:00,2025-03-11 07:00:00,2025-03-11 07:00:00,True,2025-03-11 07:00:00,,-1.0,-1.0
2025-03-18 03:28:10,PALLADIUM,FX/Indices,1H,976.5,972.08,984.0,995.5,1.696832579185536,4.298642533936691,OBJECTIF ATTEINT,8.4,tp1_avant_tp2,2025-03-18 08:00:00,2025-03-18 14:00:00,2025-03-18 08:00:00,True,2025-03-18 08:00:00,continuation_confirmee,4.298642533936691,5.21674208144801
2025-03-18 04:26:49,PLATINUM,FX/Indices,1H,1031.2,1022.5,1048.5,1079.71,1.9885057471264207,5.575862068965487,INVALIDÉE,8.9,sl_avant_tp1,2025-05-20 15:00:00,2025-03-18 14:00:00,2025-03-18 14:00:00,True,2025-03-18 14:00:00,,-1.0,-1.0
2025-03-18 12:31:07,PALLADIUM,FX/Indices,1H,984.5,977.5,995.5,1001.84,1.5714285714285714,2.4771428571428618,INVALIDÉE,9.1,sl_avant_tp1,2025-03-28 07:00:00,2025-03-18 13:00:00,2025-03-18 13:00:00,True,2025-03-18 13:00:00,,-1.0,-1.0
2025-03-27 12:30:54,PALLADIUM,FX/Indices,1H,982.0,978.94,988.0,995.5,1.9607843137255248,4.411764705882431,OBJECTIF ATTEINT,9.1,tp1_avant_tp2,2025-03-27 14:00:00,2025-03-27 13:00:00,2025-03-27 14:00:00,True,2025-03-27 14:00:00,continuation_confirmee,4.411764705882431,5.782352941176561
2025-03-31 06:27:53,PALLADIUM,FX/Indices,1H,992.0,983.5,1001.84,1033.6,1.1576470588235332,4.894117647058813,OBJECTIF ATTEINT,7.7,tp1_avant_tp2,2025-03-31 14:00:00,2025-03-31 09:00:00,2025-03-31 14:00:00,True,2025-03-31 14:00:00,continuation_confirmee,4.894117647058813,5.664705882352952
2025-04-14 06:28:21,PALLADIUM,FX/Indices,1H,917.0,908.97,925.03,955.0,1.0,4.732254047322557,OBJECTIF ATTEINT,8.2,tp1_avant_tp2,2025-04-14 07:00:00,,2025-04-14 07:00:00,True,2025-04-14 07:00:00,continuation_confirmee,4.732254047322557,4.756787048567887
2025-04-14 09:32:12,PLATINUM,FX/Indices,1H,959.2,954.38,971.3,989.0,2.5103734439833576,6.18257261410781,INVALIDÉE,8.8,sl_avant_tp1,2025-04-15 13:00:00,2025-04-14 10:00:00,2025-04-14 10:00:00,True,2025-04-14 10:00:00,,-1.0,-1.0
2025-05-19 06:26:58,PLATINUM,FX/Indices,1H,992.7,987.1,1001.6,1005.0,1.5892857142857038,2.1964285714285543,OBJECTIF ATTEINT,8.2,tp1_avant_tp2,2025-05-19 15:00:00,2025-05-19 07:00:00,2025-05-19 15:00:00,True,2025-05-19 15:00:00,continuation_confirmee,2.1964285714285543,2.4535714285714203
2025-05-20 16:35:47,PLATINUM,FX/Indices,1H,1051.5,1042.6,1064.69,1091.3,1.4820224719101034,4.4719101123595,OBJECTIF ATTEINT,8.9,tp1_avant_tp2,2025-05-20 22:00:00,2025-06-02 10:00:00,2025-05-20 22:00:00,True,2025-05-20 22:00:00,continuation_confirmee,4.4719101123595,5.282025215063137
2025-05-25 23:29:09,PLATINUM,FX/Indices,1H,1096.2,1091.3,1104.8,1148.2,1.7551020408162754,10.612244897958986,INVALIDÉE,8.4,sl_avant_tp1,2025-06-05 07:00:00,2025-05-26 03:00:00,2025-05-26 03:00:00,True,2025-05-26 03:00:00,,-1.0,-1.0
2025-06-04 17:16:48,PLATINUM,FX/Indices,1H,1090.1,1084.43,1104.8,1148.2,2.592592592592671,10.246913580247217,OBJECTIF ATTEINT,8.6,tp1_avant_tp2,2025-06-05 07:00:00,,2025-06-05 07:00:00,True,2025-06-05 07:00:00,continuation_confirmee,10.246913580247217,10.905291005291318
2025-06-06 07:12:28,PALLADIUM,FX/Indices,1H,1030.5,1027.0,1035.5,1054.8,1.4285714285714286,6.94285714285713,OBJECTIF ATTEINT,8.0,tp1_avant_tp2,2025-06-06 11:00:00,2025-06-06 08:00:00,2025-06-06 11:00:00,True,2025-06-06 11:00:00,continuation_confirmee,6.94285714285713,7.471428571428597
2025-06-10 22:33:52,PLATINUM,FX/Indices,Journalier,1220.3,1186.7,1268.7,1360.7,1.4404761904761971,4.178571428571442,OBJECTIF ATTEINT,8.8,tp1_avant_tp2,2025-06-11 06:00:00,,2025-06-11 06:00:00,True,2025-06-11 06:00:00,continuation_confirmee,4.178571428571442,4.242260451543915
2025-06-11 04:12:27,PLATINUM,FX/Indices,1H,1226.8,1210.47,1268.6,1360.7,2.559706062461736,8.199632578077201,OBJECTIF ATTEINT,8.2,tp1_avant_tp2,2025-06-11 06:00:00,2025-06-13 13:00:00,2025-06-11 06:00:00,True,2025-06-11 06:00:00,continuation_confirmee,8.199632578077201,8.436433017261214
2025-06-13 06:30:22,PLATINUM,FX/Indices,Journalier,1271.0,1186.7,1360.7,1438.1,1.0640569395017805,1.98220640569395,OBJECTIF ATTEINT,8.8,tp1_avant_tp2,2025-06-25 19:00:00,,2025-06-25 19:00:00,True,2025-06-25 19:00:00,continuation_confirmee,1.98220640569395,1.8952544622998224
2025-06-16 08:15:10,NATURAL GAS,FX/Indices,1H,3.687,3.661,3.73,3.817,1.6538461538461722,5.000000000000052,OBJECTIF ATTEINT,8.8,tp1_avant_tp2,2025-06-16 13:00:00,2025-06-16 14:00:00,2025-06-16 13:00:00,True,2025-06-16 13:00:00,continuation_confirmee,5.000000000000052,5.78461208343512
2025-06-18 09:14:56,PLATINUM,FX/Indices,1H,1281.0,1268.7,1300.5,1357.1,1.5853658536585424,6.186991869918715,OBJECTIF ATTEINT,8.8,tp1_avant_tp2,2025-06-18 13:00:00,2025-06-19 14:00:00,2025-06-18 13:00:00,True,2025-06-18 13:00:00,continuation_confirmee,6.186991869918715,6.826825298526447
2025-06-18 18:18:10,NATURAL GAS,FX/Indices,1H,3.981,3.917,4.065,4.459,1.3125000000000069,7.468749999999989,OBJECTIF ATTEINT,8.8,tp1_avant_tp2,2025-06-19 14:00:00,2025-06-20 15:00:00,2025-06-19 14:00:00,True,2025-06-19 14:00:00,continuation_confirmee,7.468749999999989,7.415623331069939
2025-06-18 22:13:10,PLATINUM,FX/Indices,1H,1323.9,1300.5,1357.1,1438.1,1.4188034188034055,4.880341880341853,INVALIDÉE,8.4,sl_avant_tp1,2025-06-25 19:00:00,2025-06-19 08:00:00,2025-06-19 08:00:00,True,2025-06-19 08:00:00,,-1.0,-1.0
2025-06-19 17:12:09,NATURAL GAS,FX/Indices,1H,4.077,4.002,4.205,4.459,1.706666666666664,5.093333333333317,INVALIDÉE,8.8,sl_avant_tp1,2025-11-09 23:00:00,2025-06-20 13:00:00,2025-06-20 13:00:00,True,2025-06-20 13:00:00,,-1.0,-1.0
2025-06-23 19:48:46,PALLADIUM,FX/Indices,Journalier,1088.5,1055.45,1158.9,1237.97,2.130105900151292,4.522541603630869,OBJECTIF ATTEINT,8.8,tp1_avant_tp2,2025-06-26 17:00:00,2025-06-25 10:00:00,2025-06-26 17:00:00,True,2025-06-26 17:00:00,continuation_confirmee,4.522541603630869,4.423449319213318
2025-06-26 09:13:45,PALLADIUM,FX/Indices,1H,1116.0,1094.56,1158.9,1237.97,2.000932835820895,5.68889925373133,OBJECTIF ATTEINT,8.6,tp1_avant_tp2,2025-06-26 17:00:00,2025-06-26 13:00:00,2025-06-26 17:00:00,True,2025-06-26 17:00:00,continuation_confirmee,5.68889925373133,5.590298507462672
2025-06-26 13:39:03,PLATINUM,FX/Indices,Journalier,1375.2,1313.1,1438.1,1472.8,1.012882447665052,1.571658615136871,OBJECTIF ATTEINT,8.8,tp1_avant_tp2,2025-07-02 16:00:00,2025-07-30 19:00:00,2025-07-02 16:00:00,True,2025-07-02 16:00:00,continuation_confirmee,1.571658615136871,1.5409013781954461
2025-06-27 05:31:52,PALLADIUM,FX/Indices,Journalier,1160.0,1109.2,1237.97,1693.98,1.5348425196850413,10.511417322834657,OBJECTIF ATTEINT,8.8,tp1_avant_tp2,2025-07-11 10:00:00,2025-06-30 16:00:00,2025-07-11 10:00:00,True,2025-07-11 10:00:00,continuation_confirmee,10.511417322834657,10.431496062992137
2025-07-01 20:41:36,NATURAL GAS,FX/Indices,Journalier,3.425,3.454,3.373,3.129,1.793103448275826,10.206896551724006,INVALIDÉE,7.9,tp1_avant_sl,2025-07-02 09:00:00,2025-07-02 12:00:00,2025-07-02 12:00:00,True,2025-07-02 12:00:00,,-1.0,-1.0
2025-07-04 02:12:11,PALLADIUM,FX/Indices,1H,1156.5,1146.0,1174.0,1193.5,1.6666666666666667,3.523809523809524,INVALIDÉE,8.2,sl_avant_tp1,2025-07-10 10:00:00,2025-07-04 06:00:00,2025-07-04 06:00:00,True,2025-07-04 06:00:00,,-1.0,-1.0
2025-07-09 10:48:00,NATURAL GAS,FX/Indices,Journalier,3.264,3.324,3.129,2.911,2.2499999999999947,5.883333333333324,INVALIDÉE,8.2,sl_avant_tp1,2025-07-23 13:00:00,2025-07-10 14:00:00,2025-07-10 14:00:00,True,2025-07-10 14:00:00,,-1.0,-1.0
2025-07-11 09:17:34,PALLADIUM,FX/Indices,1H,1223.0,1215.0,1237.97,1254.83,1.8712500000000036,3.978749999999991,OBJECTIF ATTEINT,8.6,tp1_avant_tp2,2025-07-11 10:00:00,2025-07-15 08:00:00,2025-07-11 10:00:00,True,2025-07-11 10:00:00,continuation_confirmee,3.978749999999991,4.212500000000006
2025-07-11 10:17:31,PLATINUM,FX/Indices,1H,1434.6,1422.6,1452.6,1569.5,1.5,11.241666666666674,OBJECTIF ATTEINT,8.6,tp1_avant_tp2,2025-07-11 11:00:00,2025-07-14 13:00:00,2025-07-11 11:00:00,True,2025-07-11 11:00:00,continuation_confirmee,11.241666666666674,12.633335367838546
2025-07-11 15:56:49,PALLADIUM,FX/Indices,Journalier,1274.5,1237.97,1316.97,1440.43,1.162606077196826,4.542294004927462,INVALIDÉE,9.1,tp1_avant_sl,2025-07-14 07:00:00,2025-07-14 15:00:00,2025-07-14 15:00:00,True,2025-07-14 15:00:00,,-1.0,-1.0
2025-07-11 17:19:37,PLATINUM,FX/Indices,1H,1469.0,1452.6,1508.7,1569.5,2.4207317073170627,6.128048780487771,INVALIDÉE,8.9,sl_avant_tp1,2025-07-21 13:00:00,2025-07-14 05:00:00,2025-07-14 05:00:00,True,2025-07-14 05:00:00,,-1.0,-1.0
2025-07-11 17:19:39,PALLADIUM,FX/Indices,1H,1280.5,1254.83,1316.97,1440.43,1.4207245812232148,6.230229840280468,OBJECTIF ATTEINT,8.6,tp1_avant_tp2,2025-07-14 07:00:00,2025-07-14 13:00:00,2025-07-14 07:00:00,True,2025-07-14 07:00:00,continuation_confirmee,6.230229840280468,6.132956758862468
2025-07-15 20:18:04,NATURAL GAS,FX/Indices,1H,3.518,3.471,3.574,3.627,1.191489361702136,2.319148936170227,OBJECTIF ATTEINT,8.4,tp1_avant_tp2,2025-07-16 12:00:00,2025-07-20 22:00:00,2025-07-16 12:00:00,True,2025-07-16 12:00:00,continuation_confirmee,2.319148936170227,2.261701031948673
2025-07-23 07:13:30,PALLADIUM,FX/Indices,1H,1334.5,1322.23,1352.5,1373.5,1.466992665036677,3.1784841075794668,OBJECTIF ATTEINT,8.9,tp1_avant_tp2,2025-07-23 15:00:00,2025-07-23 11:00:00,2025-07-23 15:00:00,True,2025-07-23 15:00:00,continuation_confirmee,3.1784841075794668,3.2822330888345532
2025-08-04 16:56:50,NATURAL GAS,FX/Indices,Journalier,2.907,2.965,2.809,2.751,1.6896551724137958,2.689655172413804,INVALIDÉE,8.4,sl_avant_tp1,2025-08-12 15:00:00,2025-08-05 07:00:00,2025-08-05 07:00:00,True,2025-08-05 07:00:00,,-1.0,-1.0
2025-08-07 23:15:41,PLATINUM,FX/Indices,1H,1361.4,1352.6,1373.3,1395.3,1.3522727272726838,3.852272727272632,INVALIDÉE,8.6,tp1_avant_sl,2025-08-08 00:00:00,2025-08-08 08:00:00,2025-08-08 08:00:00,True,2025-08-08 08:00:00,,-1.0,-1.0
2025-08-19 00:15:25,PLATINUM,FX/Indices,1H,1335.6,1345.1,1320.26,1308.8,1.6147368421052546,2.8210526315789424,INVALIDÉE,7.5,sl_avant_tp1,2025-08-19 15:00:00,2025-08-19 07:00:00,2025-08-19 07:00:00,True,2025-08-19 07:00:00,,-1.0,-1.0
2025-08-20 04:43:50,NATURAL GAS,FX/Indices,Journalier,2.751,2.809,2.657,2.535,1.6206896551724037,3.724137931034461,INVALIDÉE,8.4,sl_avant_tp1,2025-08-24 22:00:00,2025-08-21 13:00:00,2025-08-21 13:00:00,True,2025-08-21 13:00:00,,-1.0,-1.0
2025-08-25 00:41:23,NATURAL GAS,FX/Indices,Journalier,2.652,2.751,2.535,2.384,1.1818181818181848,2.707070707070716,INVALIDÉE,8.6,perte_directe_sans_tp1,,2025-08-27 07:00:00,2025-08-27 07:00:00,True,2025-08-27 07:00:00,,-1.0,-1.0
2025-08-29 19:21:15,PLATINUM,FX/Indices,1H,1372.6,1362.78,1385.1,1452.6,1.272912423625263,8.146639511201682,OBJECTIF ATTEINT,8.4,tp1_avant_tp2,2025-09-02 04:00:00,2025-09-09 15:00:00,2025-09-02 04:00:00,True,2025-09-02 04:00:00,continuation_confirmee,8.146639511201682,8.097553521989626
2025-09-01 03:17:25,PALLADIUM,FX/Indices,1H,1149.5,1146.5,1157.5,1165.5,2.6666666666666665,5.333333333333333,OBJECTIF ATTEINT,8.8,tp1_avant_tp2,2025-09-02 04:00:00,2025-09-02 08:00:00,2025-09-02 04:00:00,True,2025-09-02 04:00:00,continuation_confirmee,5.333333333333333,5.5666666666666815
2025-09-02 23:18:25,PALLADIUM,FX/Indices,1H,1162.5,1155.89,1179.1,1249.47,2.5113464447806595,13.157337367625017,OBJECTIF ATTEINT,7.5,tp1_avant_tp2,2025-09-03 11:00:00,2025-09-03 02:00:00,2025-09-03 11:00:00,True,2025-09-03 11:00:00,continuation_confirmee,13.157337367625017,13.818305597579625
2025-09-03 00:16:58,PLATINUM,FX/Indices,1H,1421.5,1406.37,1442.8,1452.6,1.407799074686041,2.0555188367481616,OBJECTIF ATTEINT,7.5,meme_bougie,2025-09-03 13:00:00,2025-09-03 07:00:00,2025-09-03 13:00:00,True,2025-09-03 13:00:00,continuation_confirmee,2.0555188367481616,1.9885641497645317
2025-09-05 08:18:11,NATURAL GAS,FX/Indices,1H,3.102,3.085,3.131,3.39,1.705882352941181,16.941176470588346,INVALIDÉE,7.5,sl_avant_tp1,2025-09-08 05:00:00,2025-09-05 10:00:00,2025-09-05 10:00:00,True,2025-09-05 10:00:00,,-1.0,-1.0
2025-09-08 13:17:32,NATURAL GAS,FX/Indices,1H,3.171,3.13,3.278,3.425,2.609756097560985,6.195121951219524,INVALIDÉE,8.6,sl_avant_tp1,2025-09-29 16:00:00,2025-09-08 14:00:00,2025-09-08 14:00:00,True,2025-09-08 14:00:00,,-1.0,-1.0
2025-09-23 13:18:26,PALLADIUM,FX/Indices,1H,1261.5,1249.47,1277.5,1338.4,1.3300083125519564,6.392352452202848,INVALIDÉE,8.8,sl_avant_tp1,2025-09-25 14:00:00,2025-09-23 14:00:00,2025-09-23 14:00:00,True,2025-09-23 14:00:00,,-1.0,-1.0
2025-09-26 17:19:38,PLATINUM,FX/Indices,1H,1582.5,1546.5,1621.0,1750.58,1.0694444444444444,4.668888888888887,OBJECTIF ATTEINT,8.6,tp1_avant_tp2,2025-09-28 22:00:00,2025-10-02 14:00:00,2025-09-28 22:00:00,True,2025-09-28 22:00:00,continuation_confirmee,4.668888888888887,4.6194451226128495
2025-10-07 17:55:38,PALLADIUM,FX/Indices,Journalier,1379.0,1338.4,1472.8,1607.1,2.310344827586211,5.618226600985232,OBJECTIF ATTEINT,9.1,tp1_avant_tp2,2025-10-08 13:00:00,2026-03-23 06:00:00,2025-10-08 13:00:00,True,2025-10-08 13:00:00,continuation_confirmee,5.618226600985232,5.799014778325137
2025-10-13 06:12:45,PALLADIUM,FX/Indices,1H,1500.5,1490.25,1523.5,1549.0,2.2439024390243905,4.7317073170731705,OBJECTIF ATTEINT,8.2,tp1_avant_tp2,2025-10-13 14:00:00,2025-10-13 08:00:00,2025-10-13 14:00:00,True,2025-10-13 14:00:00,continuation_confirmee,4.7317073170731705,4.729268292682918
2025-10-13 20:18:58,PALLADIUM,FX/Indices,1H,1530.5,1523.5,1549.0,1587.73,2.642857142857143,8.175714285714289,INVALIDÉE,8.4,tp1_avant_sl,2025-10-13 22:00:00,2025-10-14 06:00:00,2025-10-14 06:00:00,True,2025-10-14 06:00:00,,-1.0,-1.0
2025-10-24 17:17:48,PLATINUM,FX/Indices,1H,1602.3,1582.0,1644.03,1668.74,2.0556650246305472,3.2729064039408966,INVALIDÉE,7.7,sl_avant_tp1,2025-11-13 03:00:00,2025-10-27 08:00:00,2025-10-27 08:00:00,True,2025-10-27 08:00:00,,-1.0,-1.0
2025-11-05 01:16:29,PALLADIUM,FX/Indices,1H,1403.5,1423.5,1371.23,1356.5,1.613499999999999,2.35,INVALIDÉE,8.2,sl_avant_tp1,2025-11-21 03:00:00,2025-11-05 05:00:00,2025-11-05 05:00:00,True,2025-11-05 05:00:00,,-1.0,-1.0
2025-11-05 15:21:44,NATURAL GAS,FX/Indices,1H,4.338,4.294,4.396,4.538,1.3181818181818,4.5454545454545,INVALIDÉE,7.9,tp1_avant_sl,2025-11-09 23:00:00,2025-11-10 14:00:00,2025-11-10 14:00:00,True,2025-11-10 14:00:00,,-1.0,-1.0
2025-11-10 04:12:02,NATURAL GAS,FX/Indices,1H,4.456,4.396,4.607,4.688,2.516666666666642,3.866666666666623,INVALIDÉE,8.4,sl_avant_tp1,2025-11-13 14:00:00,2025-11-10 13:00:00,2025-11-10 13:00:00,True,2025-11-10 13:00:00,,-1.0,-1.0
2025-11-10 08:13:16,PLATINUM,FX/Indices,1H,1595.7,1587.06,1606.47,1619.28,1.2465277777777612,2.7291666666666266,INVALIDÉE,8.6,sl_avant_tp1,2025-11-11 01:00:00,2025-11-10 09:00:00,2025-11-10 09:00:00,True,2025-11-10 09:00:00,,-1.0,-1.0
2025-11-11 12:17:41,PLATINUM,FX/Indices,1H,1617.6,1605.42,1630.0,1644.03,1.0180623973727634,2.1699507389162904,INVALIDÉE,8.8,sl_avant_tp1,2025-11-12 15:00:00,2025-11-11 14:00:00,2025-11-11 14:00:00,True,2025-11-11 14:00:00,,-1.0,-1.0
2025-11-11 12:17:42,PALLADIUM,FX/Indices,1H,1473.0,1462.5,1486.5,1509.5,1.2857142857142858,3.4761904761904763,INVALIDÉE,9.1,sl_avant_tp1,2025-11-12 15:00:00,2025-11-11 13:00:00,2025-11-11 13:00:00,True,2025-11-11 13:00:00,,-1.0,-1.0
2025-11-12 15:22:19,PALLADIUM,FX/Indices,1H,1486.0,1473.2,1509.5,1578.97,1.8359375000000064,7.263281250000028,OBJECTIF ATTEINT,7.5,tp1_avant_tp2,2025-11-12 18:00:00,2025-11-13 13:00:00,2025-11-12 18:00:00,True,2025-11-12 18:00:00,continuation_confirmee,7.263281250000028,7.243750000000028
2025-11-12 17:18:41,PLATINUM,FX/Indices,1H,1630.2,1622.6,1644.03,1712.8,1.819736842105221,10.868421052631373,OBJECTIF ATTEINT,9.1,tp1_avant_tp2,2025-11-13 03:00:00,2025-11-13 13:00:00,2025-11-13 03:00:00,True,2025-11-13 03:00:00,continuation_confirmee,10.868421052631373,13.821052631578695
2025-11-26 23:18:19,PALLADIUM,FX/Indices,1H,1422.5,1394.9,1450.5,1468.83,1.0144927536231918,1.6786231884058,OBJECTIF ATTEINT,8.4,meme_bougie,2025-11-27 00:00:00,2026-03-23 00:00:00,2025-11-27 00:00:00,True,2025-11-27 00:00:00,continuation_confirmee,1.6786231884058,1.5847826086956578
2025-12-01 20:55:50,NATURAL GAS,FX/Indices,Journalier,4.91,4.846,5.07,5.367,2.5,7.140624999999991,OBJECTIF ATTEINT,8.6,tp1_avant_tp2,2025-12-04 19:00:00,2025-12-02 13:00:00,2025-12-04 19:00:00,True,2025-12-04 19:00:00,continuation_confirmee,7.140624999999991,7.0874982118606455
2025-12-02 21:55:47,PALLADIUM,FX/Indices,Journalier,1512.5,1481.13,1544.3,1677.63,1.0137073637233045,5.263946445648731,OBJECTIF ATTEINT,8.4,tp1_avant_tp2,2025-12-09 15:00:00,2025-12-03 09:00:00,2025-12-09 15:00:00,True,2025-12-09 15:00:00,continuation_confirmee,5.263946445648731,5.781415364998428
2025-12-03 20:21:47,NATURAL GAS,FX/Indices,1H,5.009,4.984,5.07,5.367,2.439999999999963,14.319999999999782,INVALIDÉE,8.2,sl_avant_tp1,2025-12-04 19:00:00,2025-12-03 23:00:00,2025-12-03 23:00:00,True,2025-12-03 23:00:00,,-1.0,-1.0
2025-12-09 17:19:22,PALLADIUM,FX/Indices,1H,1554.5,1544.3,1566.0,1626.07,1.1274509803921515,7.016666666666629,INVALIDÉE,9.1,sl_avant_tp1,2025-12-12 09:00:00,2025-12-09 18:00:00,2025-12-09 18:00:00,True,2025-12-09 18:00:00,,-1.0,-1.0
2025-12-10 04:13:17,PALLADIUM,FX/Indices,1H,1541.0,1518.43,1566.0,1626.07,1.1076650420912748,3.769162605228187,INVALIDÉE,8.8,sl_avant_tp1,2025-12-12 09:00:00,2025-12-10 13:00:00,2025-12-10 13:00:00,True,2025-12-10 13:00:00,,-1.0,-1.0
2025-12-11 18:18:34,PLATINUM,FX/Indices,1H,1715.7,1697.4,1736.0,1771.48,1.1092896174863391,3.048087431693995,OBJECTIF ATTEINT,9.1,tp1_avant_tp2,2025-12-12 09:00:00,2026-06-10 00:00:00,2025-12-12 09:00:00,True,2025-12-12 09:00:00,continuation_confirmee,3.048087431693995,3.5338771132172235
2025-12-12 12:19:00,PALLADIUM,FX/Indices,1H,1572.5,1544.3,1626.07,1686.13,1.8996453900709167,4.029432624113473,INVALIDÉE,8.8,sl_avant_tp1,2025-12-15 14:00:00,2025-12-12 15:00:00,2025-12-12 15:00:00,True,2025-12-12 15:00:00,,-1.0,-1.0
2025-12-16 19:18:21,PALLADIUM,FX/Indices,1H,1662.0,1641.0,1709.3,1744.48,2.25238095238095,3.9276190476190487,OBJECTIF ATTEINT,8.6,tp1_avant_tp2,2025-12-17 09:00:00,2025-12-29 23:00:00,2025-12-17 09:00:00,True,2025-12-17 09:00:00,continuation_confirmee,3.9276190476190487,4.447619047619052
2025-12-17 14:18:03,PLATINUM,FX/Indices,1H,1939.6,1898.83,1993.37,2005.24,1.318861908265882,1.6100073583517325,OBJECTIF ATTEINT,8.4,tp1_avant_tp2,2025-12-18 06:00:00,2026-02-02 06:00:00,2025-12-18 06:00:00,True,2025-12-18 06:00:00,continuation_confirmee,1.6100073583517325,1.9456217807211216
2025-12-17 14:18:05,PALLADIUM,FX/Indices,1H,1719.0,1709.3,1744.48,1774.77,2.62680412371133,5.749484536082446,INVALIDÉE,8.4,sl_avant_tp1,2025-12-18 01:00:00,2025-12-17 15:00:00,2025-12-17 15:00:00,True,2025-12-17 15:00:00,,-1.0,-1.0
2025-12-18 04:14:30,PALLADIUM,FX/Indices,1H,1758.0,1744.48,1774.77,1934.94,1.2403846153846156,13.087278106508895,OBJECTIF ATTEINT,8.4,tp1_avant_tp2,2025-12-18 07:00:00,2025-12-18 05:00:00,2025-12-18 07:00:00,True,2025-12-18 07:00:00,continuation_confirmee,13.087278106508895,13.028698224852082
2025-12-22 01:14:11,PLATINUM,FX/Indices,1H,2058.3,2026.0,2115.07,2182.93,1.757585139318875,3.858513931888512,OBJECTIF ATTEINT,8.9,tp1_avant_tp2,2025-12-22 10:00:00,2025-12-31 02:00:00,2025-12-22 10:00:00,True,2025-12-22 10:00:00,continuation_confirmee,3.858513931888512,3.8752306864357307
2025-12-23 14:18:35,PALLADIUM,FX/Indices,1H,1951.5,1934.94,1972.3,2118.2,1.2560386473429963,10.06642512077297,OBJECTIF ATTEINT,9.1,tp1_avant_tp2,2025-12-23 15:00:00,2025-12-23 15:00:00,2025-12-23 15:00:00,True,2025-12-23 15:00:00,continuation_confirmee,10.06642512077297,10.467632850241584
2025-12-24 07:48:01,PALLADIUM,FX/Indices,Journalier,2037.5,1972.3,2118.2,2286.7,1.2377300613496895,3.8220858895705465,INVALIDÉE,8.9,sl_avant_tp1,2025-12-28 23:00:00,2025-12-24 14:30:00,2025-12-24 14:30:00,True,2025-12-24 14:30:00,,-1.0,-1.0
2025-12-29 18:16:52,NATURAL GAS,FX/Indices,1H,3.987,3.939,4.051,4.165,1.3333333333333333,3.7083333333333286,OBJECTIF ATTEINT,8.9,tp1_avant_tp2,2025-12-30 12:00:00,2025-12-29 20:00:00,2025-12-30 12:00:00,True,2025-12-30 12:00:00,continuation_confirmee,3.7083333333333286,3.7333334128061804
2025-12-31 08:14:08,PLATINUM,FX/Indices,1H,1991.8,2029.84,1944.07,1858.13,1.25473186119874,3.513932702418506,INVALIDÉE,8.6,sl_avant_tp1,2026-02-02 05:00:00,2025-12-31 09:00:00,2025-12-31 09:00:00,True,2025-12-31 09:00:00,,-1.0,-1.0
2026-01-06 17:20:05,PLATINUM,FX/Indices,1H,2441.8,2420.2,2496.0,2585.6,2.5092592592592085,6.657407407407282,INVALIDÉE,8.9,sl_avant_tp1,2026-01-21 00:00:00,2026-01-06 19:00:00,2026-01-06 19:00:00,True,2026-01-06 19:00:00,,-1.0,-1.0
2026-01-16 14:17:29,PLATINUM,FX/Indices,1H,2306.6,2331.57,2277.96,2235.1,1.1469763716459584,2.8634361233479884,INVALIDÉE,8.2,tp1_avant_sl,2026-01-16 15:00:00,2026-01-16 21:00:00,2026-01-16 21:00:00,True,2026-01-16 21:00:00,,-1.0,-1.0
2026-01-20 14:16:56,NATURAL GAS,FX/Indices,1H,3.929,3.892,3.984,4.304,1.486486486486494,10.135135135135169,INVALIDÉE,8.8,sl_avant_tp1,2026-01-21 04:00:00,2026-01-20 15:00:00,2026-01-20 15:00:00,True,2026-01-20 15:00:00,,-1.0,-1.0
2026-01-23 03:11:50,PALLADIUM,FX/Indices,1H,1969.0,1934.94,2023.3,2118.2,1.5942454492072824,4.380504991192016,OBJECTIF ATTEINT,8.8,tp1_avant_tp2,2026-01-23 12:00:00,2026-01-23 08:00:00,2026-01-23 12:00:00,True,2026-01-23 12:00:00,continuation_confirmee,4.380504991192016,4.68567234292426
2026-01-23 16:23:30,PALLADIUM,FX/Indices,1H,2035.0,2023.3,2067.43,2118.2,2.771794871794847,7.111111111111068,OBJECTIF ATTEINT,8.8,tp1_avant_tp2,2026-01-26 00:00:00,2026-01-26 21:00:00,2026-01-26 00:00:00,True,2026-01-26 00:00:00,continuation_confirmee,7.111111111111068,8.190598290598253
2026-01-26 05:13:45,NATURAL GAS,FX/Indices,1H,6.151,6.074,6.358,6.572,2.688311688311688,5.467532467532474,INVALIDÉE,8.2,perte_directe_sans_tp1,,2026-01-26 06:00:00,2026-01-26 06:00:00,True,2026-01-26 06:00:00,,-1.0,-1.0
2026-01-26 05:13:47,PLATINUM,FX/Indices,1H,2864.5,2816.17,2946.03,3026.87,1.6869439271673976,3.3596110076557038,INVALIDÉE,8.4,perte_directe_sans_tp1,,2026-01-26 13:00:00,2026-01-26 13:00:00,True,2026-01-26 13:00:00,,-1.0,-1.0
2026-01-27 04:50:33,PLATINUM,FX/Indices,Journalier,2656.5,2554.53,2907.37,3039.07,2.4602334019809784,3.751789742081013,INVALIDÉE,8.6,perte_directe_sans_tp1,,2026-01-27 15:00:00,2026-01-27 15:00:00,True,2026-01-27 15:00:00,,-1.0,-1.0
2026-01-30 07:12:06,PLATINUM,FX/Indices,1H,2416.3,2443.97,2356.26,2207.53,2.169859053126158,7.544994578966493,OBJECTIF ATTEINT,8.0,tp1_avant_tp2,2026-01-30 08:00:00,2026-03-02 01:00:00,2026-01-30 08:00:00,True,2026-01-30 08:00:00,continuation_confirmee,7.544994578966493,10.268633814826682
2026-02-11 11:17:12,PALLADIUM,FX/Indices,1H,1780.0,1744.48,1823.7,1855.0,1.230292792792795,2.111486486486488,INVALIDÉE,8.6,sl_avant_tp1,2026-02-25 01:00:00,2026-02-11 13:00:00,2026-02-11 13:00:00,True,2026-02-11 13:00:00,,-1.0,-1.0
2026-02-25 06:15:30,PLATINUM,FX/Indices,1H,2278.2,2244.43,2312.87,2442.73,1.0266508735564135,4.872075806929236,OBJECTIF ATTEINT,8.9,tp1_avant_tp2,2026-02-25 08:00:00,2026-02-26 14:00:00,2026-02-25 08:00:00,True,2026-02-25 08:00:00,continuation_confirmee,4.872075806929236,4.99327661154502
2026-02-25 06:15:31,PALLADIUM,FX/Indices,1H,1840.5,1816.5,1883.67,1976.83,1.798750000000003,5.680416666666663,INVALIDÉE,8.6,tp1_avant_sl,2026-02-25 08:00:00,2026-02-26 02:00:00,2026-02-26 02:00:00,True,2026-02-26 02:00:00,,-1.0,-1.0
2026-03-23 01:14:38,PALLADIUM,FX/Indices,1H,1390.5,1412.5,1350.3,1325.47,1.8272727272727292,2.9559090909090897,OBJECTIF ATTEINT,7.7,meme_bougie,2026-03-23 06:00:00,2026-03-23 02:00:00,2026-03-23 06:00:00,True,2026-03-23 06:00:00,continuation_confirmee,2.9559090909090897,3.33181818181818
2026-04-06 07:13:54,PALLADIUM,FX/Indices,1H,1518.5,1490.0,1564.1,1620.8,1.5999999999999968,3.5894736842105246,INVALIDÉE,8.0,sl_avant_tp1,2026-04-08 11:00:00,2026-04-06 13:00:00,2026-04-06 13:00:00,True,2026-04-06 13:00:00,,-1.0,-1.0
2026-04-09 12:21:21,PLATINUM,FX/Indices,1H,2057.9,2045.94,2080.0,2105.0,1.8478260869565084,3.938127090300984,OBJECTIF ATTEINT,8.6,meme_bougie,2026-04-09 15:00:00,2026-04-12 22:00:00,2026-04-09 15:00:00,True,2026-04-09 15:00:00,continuation_confirmee,3.938127090300984,5.083938323056004
2026-04-16 03:12:46,PLATINUM,FX/Indices,1H,2148.8,2140.77,2162.73,2223.63,1.7347447073473834,9.318804483187805,INVALIDÉE,8.6,sl_avant_tp1,2026-04-16 10:00:00,2026-04-16 08:00:00,2026-04-16 08:00:00,True,2026-04-16 08:00:00,,-1.0,-1.0
2026-04-20 05:15:04,NATURAL GAS,FX/Indices,1H,2.72,2.679,2.788,2.888,1.6585365853658294,4.097560975609712,INVALIDÉE,8.6,sl_avant_tp1,2026-04-23 07:00:00,2026-04-20 09:00:00,2026-04-20 09:00:00,True,2026-04-20 09:00:00,,-1.0,-1.0
2026-04-29 13:18:48,PLATINUM,FX/Indices,1H,1909.2,1917.4,1892.27,1812.18,2.06463414634146,11.831707317073104,INVALIDÉE,8.4,tp1_avant_sl,2026-04-29 15:00:00,2026-04-30 01:00:00,2026-04-30 01:00:00,True,2026-04-30 01:00:00,,-1.0,-1.0
2026-04-29 23:12:33,NATURAL GAS,FX/Indices,1H,2.639,2.66,2.589,2.491,2.3809523809523325,7.047619047618915,INVALIDÉE,8.2,perte_directe_sans_tp1,,2026-04-30 12:00:00,2026-04-30 12:00:00,True,2026-04-30 12:00:00,,-1.0,-1.0
2026-05-28 17:18:09,NATURAL GAS,FX/Indices,1H,3.266,3.218,3.356,3.397,1.8749999999999956,2.72916666666666,OBJECTIF ATTEINT,8.9,tp2_non_atteint_dans_fenetre,2026-05-29 11:00:00,2026-06-01 12:00:00,2026-05-29 11:00:00,True,2026-05-29 11:00:00,continuation_non_confirmee,1.8749999999999956,1.8749999999999956
2026-06-01 04:14:37,NATURAL GAS,FX/Indices,1H,3.367,3.341,3.397,3.439,1.153846153846155,2.7692307692307927,INVALIDÉE,8.0,perte_directe_sans_tp1,,2026-06-01 10:00:00,2026-06-01 10:00:00,True,2026-06-01 10:00:00,,-1.0,-1.0
2026-06-08 09:53:55,PLATINUM,FX/Indices,Journalier,1759.2,1793.1,1690.87,1657.8,2.0156342182890983,2.991150442477891,OBJECTIF ATTEINT,8.4,tp1_avant_tp2,2026-06-10 01:00:00,2026-06-15 11:00:00,2026-06-10 01:00:00,True,2026-06-10 01:00:00,continuation_confirmee,2.991150442477891,2.9412986552820968
2026-06-10 07:52:35,PLATINUM,FX/Indices,Journalier,1677.3,1690.87,1657.8,1634.63,1.436993367722925,3.1444362564480506,INVALIDÉE,8.2,tp1_avant_sl,2026-06-10 12:00:00,2026-06-10 13:00:00,2026-06-10 13:00:00,True,2026-06-10 13:00:00,,-1.0,-1.0
2026-06-10 19:56:52,PLATINUM,FX/Indices,Journalier,1675.4,1690.87,1657.8,1634.63,1.13768584356822,2.6354234001293158,INVALIDÉE,8.2,tp1_avant_sl,2026-06-10 22:00:00,2026-06-11 01:00:00,2026-06-11 01:00:00,True,2026-06-11 01:00:00,,-1.0,-1.0
2026-06-15 04:15:38,NATURAL GAS,FX/Indices,1H,3.056,3.072,3.031,2.989,1.5624999999999931,4.187500000000007,INVALIDÉE,8.4,tp1_avant_sl,2026-06-15 09:00:00,2026-06-15 12:00:00,2026-06-15 12:00:00,True,2026-06-15 12:00:00,,-1.0,-1.0
2026-06-15 11:19:10,PALLADIUM,FX/Indices,1H,1361.0,1348.22,1395.5,1420.0,2.6995305164319308,4.616588419405331,INVALIDÉE,8.8,sl_avant_tp1,2026-08-05 07:00:00,2026-06-15 20:00:00,2026-06-15 20:00:00,True,2026-06-15 20:00:00,,-1.0,-1.0
2026-06-15 13:18:21,PLATINUM,FX/Indices,1H,1805.8,1785.07,1855.0,1907.5,2.373371924746744,4.905933429811864,INVALIDÉE,9.1,perte_directe_sans_tp1,,2026-06-15 15:00:00,2026-06-15 15:00:00,True,2026-06-15 15:00:00,,-1.0,-1.0
2026-06-16 23:16:11,NATURAL GAS,FX/Indices,1H,3.256,3.209,3.351,3.384,2.021276595744697,2.7234042553191684,INVALIDÉE,8.8,sl_avant_tp1,2026-06-25 13:00:00,2026-06-17 12:00:00,2026-06-17 12:00:00,True,2026-06-17 12:00:00,,-1.0,-1.0
2026-06-24 19:03:07,PALLADIUM,FX/Indices,Journalier,1163.0,1216.3,1037.4,1015.63,2.356472795497186,2.764915572232648,INVALIDÉE,7.9,perte_directe_sans_tp1,,2026-06-26 10:00:00,2026-06-26 10:00:00,True,2026-06-26 10:00:00,,-1.0,-1.0
2026-08-02 23:18:37,PLATINUM,FX/Indices,1H,1670.0,1655.0,1705.57,1783.0,2.3713333333333293,7.533333333333333,INVALIDÉE,8.2,sl_avant_tp1,2026-08-04 11:00:00,2026-08-03 05:00:00,2026-08-03 05:00:00,True,2026-08-03 05:00:00,,-1.0,-1.0
2026-08-05 06:21:31,PLATINUM,FX/Indices,1H,1788.6,1762.8,1854.5,1869.7,2.554263565891481,3.143410852713189,INVALIDÉE,8.9,perte_directe_sans_tp1,,2026-08-05 08:00:00,2026-08-05 08:00:00,True,2026-08-05 08:00:00,,-1.0,-1.0
2026-08-06 03:18:39,PLATINUM,FX/Indices,1H,1775.2,1762.8,1798.3,1869.7,1.8629032258064304,7.620967741935428,INVALIDÉE,7.7,sl_avant_tp1,2026-08-12 11:00:00,2026-08-06 04:00:00,2026-08-06 04:00:00,True,2026-08-06 04:00:00,,-1.0,-1.0
2026-08-17 06:21:10,NATURAL GAS,FX/Indices,1H,2.654,2.69,2.616,2.552,1.0555555555555494,2.8333333333333277,INVALIDÉE,8.4,perte_directe_sans_tp1,,2026-08-17 13:00:00,2026-08-17 13:00:00,True,2026-08-17 13:00:00,,-1.0,-1.0
