date_creation,ticker,asset_class,timeframe,prix_entree,stop_loss_init,tp1_init,tp2_init,rr_tp1,rr_tp2,statut_final,score_force
2026-08-17 06:21:10,NATURAL GAS,FX/Indices,1H,2.654,2.69,2.616,2.552,1.0555555555555494,2.8333333333333273,INVALIDÉE,8.4
2026-08-06 03:18:39,PLATINUM,FX/Indices,1H,1775.2,1762.8,1798.3,1869.7,1.8629032258064306,7.620967741935428,INVALIDÉE,7.7
2026-08-05 06:21:32,PALLADIUM,FX/Indices,1H,1381.0,1364.5,1402.27,1459.6,1.289090909090908,4.763636363636358,SEUIL PRÉSERVÉ,8.6
2026-08-05 06:21:31,PLATINUM,FX/Indices,1H,1788.6,1762.8,1854.5,1869.7,2.554263565891481,3.143410852713189,INVALIDÉE,8.9
2026-08-02 23:18:37,PLATINUM,FX/Indices,1H,1670.0,1655.0,1705.57,1783.0,2.3713333333333293,7.533333333333333,INVALIDÉE,8.2
2026-07-31 16:18:02,PLATINUM - EUR,FX/Indices,1H,1430.62,1419.41,1443.93,1455.59,1.1873327386262622,2.227475468331887,OBJECTIF ATTEINT,7.7
2026-06-24 19:03:07,PALLADIUM,FX/Indices,Journalier,1163.0,1216.3,1037.4,1015.63,2.356472795497186,2.7649155722326477,INVALIDÉE,7.9
2026-06-16 23:16:11,NATURAL GAS,FX/Indices,1H,3.256,3.209,3.351,3.384,2.0212765957446974,2.7234042553191684,INVALIDÉE,8.8
2026-06-15 13:18:21,PLATINUM,FX/Indices,1H,1805.8,1785.07,1855.0,1907.5,2.3733719247467437,4.905933429811864,INVALIDÉE,9.1
2026-06-15 11:19:10,PALLADIUM,FX/Indices,1H,1361.0,1348.22,1395.5,1420.0,2.6995305164319308,4.616588419405331,INVALIDÉE,8.8
2026-06-15 04:15:38,NATURAL GAS,FX/Indices,1H,3.056,3.072,3.031,2.989,1.5624999999999931,4.187500000000007,INVALIDÉE,8.4
2026-06-10 19:56:52,PLATINUM,FX/Indices,Journalier,1675.4,1690.87,1657.8,1634.63,1.13768584356822,2.6354234001293153,INVALIDÉE,8.2
2026-06-10 07:52:35,PLATINUM,FX/Indices,Journalier,1677.3,1690.87,1657.8,1634.63,1.436993367722925,3.1444362564480506,INVALIDÉE,8.2
2026-06-08 09:53:55,PLATINUM,FX/Indices,Journalier,1759.2,1793.1,1690.87,1657.8,2.0156342182890983,2.991150442477891,OBJECTIF ATTEINT,8.4
2026-06-01 04:14:37,NATURAL GAS,FX/Indices,1H,3.367,3.341,3.397,3.439,1.153846153846155,2.7692307692307927,INVALIDÉE,8.0
2026-05-28 17:18:09,NATURAL GAS,FX/Indices,1H,3.266,3.218,3.356,3.397,1.8749999999999953,2.72916666666666,OBJECTIF ATTEINT,8.9
2026-05-18 05:15:03,NATURAL GAS,FX/Indices,1H,3.034,2.982,3.129,3.269,1.8269230769230946,4.51923076923081,SEUIL PRÉSERVÉ,8.9
2026-04-29 23:12:33,NATURAL GAS,FX/Indices,1H,2.639,2.66,2.589,2.491,2.3809523809523325,7.047619047618915,INVALIDÉE,8.2
2026-04-29 13:18:48,PLATINUM,FX/Indices,1H,1909.2,1917.4,1892.27,1812.18,2.0646341463414597,11.831707317073104,INVALIDÉE,8.4
2026-04-20 05:15:04,NATURAL GAS,FX/Indices,1H,2.72,2.679,2.788,2.888,1.6585365853658294,4.097560975609712,INVALIDÉE,8.6
2026-04-16 03:12:46,PLATINUM,FX/Indices,1H,2148.8,2140.77,2162.73,2223.63,1.7347447073473834,9.318804483187803,INVALIDÉE,8.6
2026-04-09 12:21:21,PLATINUM,FX/Indices,1H,2057.9,2045.94,2080.0,2105.0,1.8478260869565084,3.9381270903009837,OBJECTIF ATTEINT,8.6
2026-04-06 07:13:54,PALLADIUM,FX/Indices,1H,1518.5,1490.0,1564.1,1620.8,1.5999999999999968,3.5894736842105246,INVALIDÉE,8.0
2026-03-31 22:16:18,PLATINUM,FX/Indices,1H,1966.1,1937.13,2006.7,2034.4,1.4014497756299764,2.3576113220573234,SEUIL PRÉSERVÉ,8.4
2026-03-23 01:14:38,PALLADIUM,FX/Indices,1H,1390.5,1412.5,1350.3,1325.47,1.8272727272727294,2.9559090909090897,OBJECTIF ATTEINT,7.7
2026-02-25 06:15:31,PALLADIUM,FX/Indices,1H,1840.5,1816.5,1883.67,1976.83,1.798750000000003,5.680416666666663,INVALIDÉE,8.6
2026-02-25 06:15:30,PLATINUM,FX/Indices,1H,2278.2,2244.43,2312.87,2442.73,1.0266508735564137,4.872075806929236,OBJECTIF ATTEINT,8.9
2026-02-11 11:17:12,PALLADIUM,FX/Indices,1H,1780.0,1744.48,1823.7,1855.0,1.2302927927927947,2.1114864864864877,INVALIDÉE,8.6
2026-01-30 07:12:06,PLATINUM,FX/Indices,1H,2416.3,2443.97,2356.26,2207.53,2.169859053126158,7.544994578966493,OBJECTIF ATTEINT,8.0
2026-01-27 04:50:33,PLATINUM,FX/Indices,Journalier,2656.5,2554.53,2907.37,3039.07,2.4602334019809784,3.751789742081013,INVALIDÉE,8.6
2026-01-26 05:13:47,PLATINUM,FX/Indices,1H,2864.5,2816.17,2946.03,3026.87,1.6869439271673976,3.3596110076557033,INVALIDÉE,8.4
2026-01-26 05:13:45,NATURAL GAS,FX/Indices,1H,6.151,6.074,6.358,6.572,2.6883116883116878,5.467532467532474,INVALIDÉE,8.2
2026-01-23 16:23:30,PALLADIUM,FX/Indices,1H,2035.0,2023.3,2067.43,2118.2,2.771794871794847,7.111111111111068,OBJECTIF ATTEINT,8.8
2026-01-23 03:11:50,PALLADIUM,FX/Indices,1H,1969.0,1934.94,2023.3,2118.2,1.5942454492072824,4.380504991192016,OBJECTIF ATTEINT,8.8
2026-01-20 14:16:56,NATURAL GAS,FX/Indices,1H,3.929,3.892,3.984,4.304,1.486486486486494,10.135135135135169,INVALIDÉE,8.8
2026-01-16 14:17:29,PLATINUM,FX/Indices,1H,2306.6,2331.57,2277.96,2235.1,1.1469763716459584,2.8634361233479884,INVALIDÉE,8.2
2026-01-09 12:18:29,PALLADIUM,FX/Indices,1H,1932.5,1848.0,2023.3,2118.2,1.0745562130177508,2.1976331360946726,SEUIL PRÉSERVÉ,8.8
2026-01-06 17:20:05,PLATINUM,FX/Indices,1H,2441.8,2420.2,2496.0,2585.6,2.5092592592592085,6.657407407407282,INVALIDÉE,8.9
2025-12-31 08:14:08,PLATINUM,FX/Indices,1H,1991.8,2029.84,1944.07,1858.13,1.25473186119874,3.513932702418506,INVALIDÉE,8.6
2025-12-29 18:16:52,NATURAL GAS,FX/Indices,1H,3.987,3.939,4.051,4.165,1.3333333333333333,3.7083333333333286,OBJECTIF ATTEINT,8.9
2025-12-24 07:48:01,PALLADIUM,FX/Indices,Journalier,2037.5,1972.3,2118.2,2286.7,1.2377300613496895,3.8220858895705465,INVALIDÉE,8.9
2025-12-23 14:18:35,PALLADIUM,FX/Indices,1H,1951.5,1934.94,1972.3,2118.2,1.2560386473429965,10.06642512077297,OBJECTIF ATTEINT,9.1
2025-12-22 01:14:11,PLATINUM,FX/Indices,1H,2058.3,2026.0,2115.07,2182.93,1.757585139318875,3.8585139318885124,OBJECTIF ATTEINT,8.9
2025-12-18 04:14:30,PALLADIUM,FX/Indices,1H,1758.0,1744.48,1774.77,1934.94,1.2403846153846156,13.087278106508897,OBJECTIF ATTEINT,8.4
2025-12-17 14:18:05,PALLADIUM,FX/Indices,1H,1719.0,1709.3,1744.48,1774.77,2.62680412371133,5.749484536082446,INVALIDÉE,8.4
2025-12-17 14:18:03,PLATINUM,FX/Indices,1H,1939.6,1898.83,1993.37,2005.24,1.318861908265882,1.6100073583517325,OBJECTIF ATTEINT,8.4
2025-12-16 19:18:21,PALLADIUM,FX/Indices,1H,1662.0,1641.0,1709.3,1744.48,2.25238095238095,3.9276190476190487,OBJECTIF ATTEINT,8.6
2025-12-12 12:19:00,PALLADIUM,FX/Indices,1H,1572.5,1544.3,1626.07,1686.13,1.8996453900709167,4.029432624113473,INVALIDÉE,8.8
2025-12-12 12:18:59,PLATINUM,FX/Indices,1H,1774.3,1724.5,1836.33,1881.0,1.2455823293172696,2.1425702811245007,SEUIL PRÉSERVÉ,8.8
2025-12-11 18:18:34,PLATINUM,FX/Indices,1H,1715.7,1697.4,1736.0,1771.48,1.1092896174863391,3.048087431693995,OBJECTIF ATTEINT,9.1
2025-12-10 04:13:17,PALLADIUM,FX/Indices,1H,1541.0,1518.43,1566.0,1626.07,1.1076650420912748,3.769162605228187,INVALIDÉE,8.8
2025-12-09 17:19:22,PALLADIUM,FX/Indices,1H,1554.5,1544.3,1566.0,1626.07,1.1274509803921517,7.016666666666629,INVALIDÉE,9.1
2025-12-03 20:21:47,NATURAL GAS,FX/Indices,1H,5.009,4.984,5.07,5.367,2.439999999999963,14.319999999999782,INVALIDÉE,8.2
2025-12-02 21:55:47,PALLADIUM,FX/Indices,Journalier,1512.5,1481.13,1544.3,1677.63,1.0137073637233045,5.263946445648731,OBJECTIF ATTEINT,8.4
2025-12-01 23:12:58,NATURAL GAS,FX/Indices,1H,4.898,4.846,5.017,5.07,2.2884615384615685,3.3076923076923443,SEUIL PRÉSERVÉ,8.9
2025-12-01 20:55:50,NATURAL GAS,FX/Indices,Journalier,4.91,4.846,5.07,5.367,2.5,7.140624999999991,OBJECTIF ATTEINT,8.6
2025-11-27 00:15:37,PALLADIUM,FX/Indices,1H,1467.5,1450.5,1499.6,1505.3,1.8882352941176417,2.2235294117647033,SEUIL PRÉSERVÉ,8.2
2025-11-26 23:18:19,PALLADIUM,FX/Indices,1H,1422.5,1394.9,1450.5,1468.83,1.0144927536231918,1.6786231884058,OBJECTIF ATTEINT,8.4
2025-11-12 17:18:41,PLATINUM,FX/Indices,1H,1630.2,1622.6,1644.03,1712.8,1.819736842105221,10.868421052631373,OBJECTIF ATTEINT,9.1
2025-11-12 15:22:19,PALLADIUM,FX/Indices,1H,1486.0,1473.2,1509.5,1578.97,1.8359375000000064,7.263281250000028,OBJECTIF ATTEINT,7.5
2025-11-11 12:17:42,PALLADIUM,FX/Indices,1H,1473.0,1462.5,1486.5,1509.5,1.2857142857142858,3.4761904761904763,INVALIDÉE,9.1
2025-11-11 12:17:41,PLATINUM,FX/Indices,1H,1617.6,1605.42,1630.0,1644.03,1.0180623973727634,2.1699507389162904,INVALIDÉE,8.8
2025-11-10 08:13:16,PLATINUM,FX/Indices,1H,1595.7,1587.06,1606.47,1619.28,1.2465277777777612,2.7291666666666266,INVALIDÉE,8.6
2025-11-10 04:12:02,NATURAL GAS,FX/Indices,1H,4.456,4.396,4.607,4.688,2.5166666666666426,3.866666666666623,INVALIDÉE,8.4
2025-11-05 15:21:44,NATURAL GAS,FX/Indices,1H,4.338,4.294,4.396,4.538,1.3181818181818,4.5454545454545,INVALIDÉE,7.9
2025-11-05 01:16:29,PALLADIUM,FX/Indices,1H,1403.5,1423.5,1371.23,1356.5,1.613499999999999,2.35,INVALIDÉE,8.2
2025-11-04 10:16:00,PLATINUM,FX/Indices,1H,1546.1,1567.4,1508.0,1501.6,1.7887323943661777,2.0892018779342543,SEUIL PRÉSERVÉ,8.6
2025-11-03 21:16:59,NATURAL GAS,FX/Indices,1H,4.269,4.157,4.416,4.538,1.3125000000000009,2.401785714285713,SEUIL PRÉSERVÉ,8.0
2025-10-24 17:17:48,PLATINUM,FX/Indices,1H,1602.3,1582.0,1644.03,1668.74,2.0556650246305472,3.2729064039408966,INVALIDÉE,7.7
2025-10-13 20:18:58,PALLADIUM,FX/Indices,1H,1530.5,1523.5,1549.0,1587.73,2.642857142857143,8.175714285714289,INVALIDÉE,8.4
2025-10-13 06:12:45,PALLADIUM,FX/Indices,1H,1500.5,1490.25,1523.5,1549.0,2.2439024390243905,4.7317073170731705,OBJECTIF ATTEINT,8.2
2025-10-08 05:12:53,PLATINUM,FX/Indices,1H,1689.5,1678.0,1718.9,1771.48,2.5565217391304427,7.128695652173914,SEUIL PRÉSERVÉ,8.9
2025-10-07 17:55:38,PALLADIUM,FX/Indices,Journalier,1379.0,1338.4,1472.8,1607.1,2.310344827586211,5.618226600985232,OBJECTIF ATTEINT,9.1
2025-09-26 17:19:38,PLATINUM,FX/Indices,1H,1582.5,1546.5,1621.0,1750.58,1.0694444444444444,4.668888888888887,OBJECTIF ATTEINT,8.6
2025-09-23 15:22:40,PLATINUM,FX/Indices,1H,1493.7,1471.77,1516.83,1621.0,1.0547195622434935,5.80483356133149,SEUIL PRÉSERVÉ,8.8
2025-09-23 13:18:26,PALLADIUM,FX/Indices,1H,1261.5,1249.47,1277.5,1338.4,1.3300083125519564,6.392352452202848,INVALIDÉE,8.8
2025-09-22 09:16:23,PLATINUM,FX/Indices,1H,1429.2,1414.55,1452.6,1516.83,1.5972696245733595,5.981569965870262,SEUIL PRÉSERVÉ,8.0
2025-09-10 11:17:15,PALLADIUM,FX/Indices,1H,1209.0,1195.5,1233.3,1249.47,1.7999999999999967,2.9977777777777797,SEUIL PRÉSERVÉ,9.1
2025-09-08 13:17:32,NATURAL GAS,FX/Indices,1H,3.171,3.13,3.278,3.425,2.6097560975609855,6.195121951219524,INVALIDÉE,8.6
2025-09-05 08:18:11,NATURAL GAS,FX/Indices,1H,3.102,3.085,3.131,3.39,1.705882352941181,16.941176470588346,INVALIDÉE,7.5
2025-09-03 00:16:58,PLATINUM,FX/Indices,1H,1421.5,1406.37,1442.8,1452.6,1.407799074686041,2.0555188367481616,OBJECTIF ATTEINT,7.5
2025-09-02 23:18:25,PALLADIUM,FX/Indices,1H,1162.5,1155.89,1179.1,1249.47,2.5113464447806595,13.157337367625015,OBJECTIF ATTEINT,7.5
2025-09-01 03:17:25,PALLADIUM,FX/Indices,1H,1149.5,1146.5,1157.5,1165.5,2.6666666666666665,5.333333333333333,OBJECTIF ATTEINT,8.8
2025-08-29 19:21:15,PLATINUM,FX/Indices,1H,1372.6,1362.78,1385.1,1452.6,1.272912423625263,8.146639511201682,OBJECTIF ATTEINT,8.4
2025-08-25 00:41:23,NATURAL GAS,FX/Indices,Journalier,2.652,2.751,2.535,2.384,1.1818181818181848,2.707070707070716,INVALIDÉE,8.6
2025-08-20 04:43:50,NATURAL GAS,FX/Indices,Journalier,2.751,2.809,2.657,2.535,1.6206896551724037,3.724137931034461,INVALIDÉE,8.4
2025-08-19 00:15:25,PLATINUM,FX/Indices,1H,1335.6,1345.1,1320.26,1308.8,1.6147368421052546,2.8210526315789424,INVALIDÉE,7.5
2025-08-07 23:15:41,PLATINUM,FX/Indices,1H,1361.4,1352.6,1373.3,1395.3,1.3522727272726838,3.852272727272632,INVALIDÉE,8.6
2025-08-06 19:19:54,PLATINUM,FX/Indices,1H,1351.8,1337.52,1373.3,1412.24,1.5056022408963614,4.232492997198891,SEUIL PRÉSERVÉ,7.9
2025-08-04 16:56:50,NATURAL GAS,FX/Indices,Journalier,2.907,2.965,2.809,2.751,1.6896551724137958,2.6896551724138034,INVALIDÉE,8.4
2025-07-23 07:13:30,PALLADIUM,FX/Indices,1H,1334.5,1322.23,1352.5,1373.5,1.466992665036677,3.1784841075794668,OBJECTIF ATTEINT,8.9
2025-07-15 20:18:04,NATURAL GAS,FX/Indices,1H,3.518,3.471,3.574,3.627,1.191489361702136,2.319148936170227,OBJECTIF ATTEINT,8.4
2025-07-11 17:19:39,PALLADIUM,FX/Indices,1H,1280.5,1254.83,1316.97,1440.43,1.4207245812232148,6.230229840280468,OBJECTIF ATTEINT,8.6
2025-07-11 17:19:37,PLATINUM,FX/Indices,1H,1469.0,1452.6,1508.7,1569.5,2.4207317073170627,6.128048780487771,INVALIDÉE,8.9
2025-07-11 15:56:49,PALLADIUM,FX/Indices,Journalier,1274.5,1237.97,1316.97,1440.43,1.162606077196826,4.542294004927462,INVALIDÉE,9.1
2025-07-11 10:17:31,PLATINUM,FX/Indices,1H,1434.6,1422.6,1452.6,1569.5,1.5,11.241666666666674,OBJECTIF ATTEINT,8.6
2025-07-11 09:17:34,PALLADIUM,FX/Indices,1H,1223.0,1215.0,1237.97,1254.83,1.8712500000000034,3.978749999999991,OBJECTIF ATTEINT,8.6
2025-07-09 10:48:00,NATURAL GAS,FX/Indices,Journalier,3.264,3.324,3.129,2.911,2.2499999999999947,5.883333333333324,INVALIDÉE,8.2
2025-07-04 02:12:11,PALLADIUM,FX/Indices,1H,1156.5,1146.0,1174.0,1193.5,1.6666666666666667,3.5238095238095237,INVALIDÉE,8.2
2025-07-01 20:41:36,NATURAL GAS,FX/Indices,Journalier,3.425,3.454,3.373,3.129,1.7931034482758261,10.206896551724006,INVALIDÉE,7.9
2025-06-27 05:31:52,PALLADIUM,FX/Indices,Journalier,1160.0,1109.2,1237.97,1693.98,1.5348425196850413,10.511417322834655,OBJECTIF ATTEINT,8.8
2025-06-26 13:39:03,PLATINUM,FX/Indices,Journalier,1375.2,1313.1,1438.1,1472.8,1.012882447665052,1.571658615136871,OBJECTIF ATTEINT,8.8
2025-06-26 09:13:45,PALLADIUM,FX/Indices,1H,1116.0,1094.56,1158.9,1237.97,2.000932835820895,5.68889925373133,OBJECTIF ATTEINT,8.6
2025-06-23 19:48:46,PALLADIUM,FX/Indices,Journalier,1088.5,1055.45,1158.9,1237.97,2.1301059001512916,4.522541603630869,OBJECTIF ATTEINT,8.8
2025-06-19 17:12:09,NATURAL GAS,FX/Indices,1H,4.077,4.002,4.205,4.459,1.7066666666666641,5.093333333333317,INVALIDÉE,8.8
2025-06-18 22:13:10,PLATINUM,FX/Indices,1H,1323.9,1300.5,1357.1,1438.1,1.4188034188034055,4.880341880341853,INVALIDÉE,8.4
2025-06-18 18:18:10,NATURAL GAS,FX/Indices,1H,3.981,3.917,4.065,4.459,1.3125000000000069,7.468749999999989,OBJECTIF ATTEINT,8.8
2025-06-18 09:14:56,PLATINUM,FX/Indices,1H,1281.0,1268.7,1300.5,1357.1,1.5853658536585424,6.186991869918715,OBJECTIF ATTEINT,8.8
2025-06-17 12:13:04,NATURAL GAS,FX/Indices,1H,3.811,3.76,3.917,4.065,2.078431372549011,4.980392156862739,SEUIL PRÉSERVÉ,8.4
2025-06-16 08:15:10,NATURAL GAS,FX/Indices,1H,3.687,3.661,3.73,3.817,1.6538461538461722,5.0000000000000515,OBJECTIF ATTEINT,8.8
2025-06-13 06:30:22,PLATINUM,FX/Indices,Journalier,1271.0,1186.7,1360.7,1438.1,1.0640569395017805,1.9822064056939501,OBJECTIF ATTEINT,8.8
2025-06-11 04:12:27,PLATINUM,FX/Indices,1H,1226.8,1210.47,1268.6,1360.7,2.5597060624617356,8.199632578077201,OBJECTIF ATTEINT,8.2
2025-06-10 22:33:52,PLATINUM,FX/Indices,Journalier,1220.3,1186.7,1268.7,1360.7,1.4404761904761971,4.178571428571442,OBJECTIF ATTEINT,8.8
2025-06-09 10:16:44,PALLADIUM,FX/Indices,1H,1097.5,1083.01,1114.7,1197.33,1.187025534851624,6.889579020013794,SEUIL PRÉSERVÉ,8.9
2025-06-09 08:16:41,PLATINUM,FX/Indices,1H,1217.0,1195.17,1268.6,1438.1,2.3637196518552486,10.128263857077446,SEUIL PRÉSERVÉ,8.8
2025-06-06 07:12:28,PALLADIUM,FX/Indices,1H,1030.5,1027.0,1035.5,1054.8,1.4285714285714286,6.94285714285713,OBJECTIF ATTEINT,8.0
2025-06-06 05:10:51,PLATINUM,FX/Indices,1H,1161.4,1148.2,1186.7,1268.6,1.9166666666666565,8.12121212121208,SEUIL PRÉSERVÉ,8.8
2025-06-04 17:16:48,PLATINUM,FX/Indices,1H,1090.1,1084.43,1104.8,1148.2,2.592592592592671,10.246913580247217,OBJECTIF ATTEINT,8.6
2025-06-03 14:22:03,PALLADIUM,FX/Indices,1H,1013.5,1006.16,1032.5,1054.8,2.5885558583106154,5.626702997275173,SEUIL PRÉSERVÉ,8.8
2025-05-25 23:29:09,PLATINUM,FX/Indices,1H,1096.2,1091.3,1104.8,1148.2,1.7551020408162754,10.612244897958986,INVALIDÉE,8.4
2025-05-20 16:35:49,PALLADIUM,FX/Indices,1H,1021.0,1001.66,1050.57,1078.51,1.5289555325749684,2.9736297828335,SEUIL PRÉSERVÉ,8.9
2025-05-20 16:35:47,PLATINUM,FX/Indices,1H,1051.5,1042.6,1064.69,1091.3,1.4820224719101034,4.4719101123595,OBJECTIF ATTEINT,8.9
2025-05-19 06:26:58,PLATINUM,FX/Indices,1H,992.7,987.1,1001.6,1005.0,1.5892857142857038,2.1964285714285543,OBJECTIF ATTEINT,8.2
2025-05-09 14:39:29,NATURAL GAS,FX/Indices,1H,3.766,3.716,3.851,4.051,1.7000000000000053,5.700000000000023,SEUIL PRÉSERVÉ,9.1
2025-04-14 17:33:33,PALLADIUM,FX/Indices,1H,957.0,930.97,985.47,1002.04,1.0937379946215926,1.7303111794083754,SEUIL PRÉSERVÉ,8.6
2025-04-14 09:32:12,PLATINUM,FX/Indices,1H,959.2,954.38,971.3,989.0,2.5103734439833576,6.18257261410781,INVALIDÉE,8.8
2025-04-14 06:28:21,PALLADIUM,FX/Indices,1H,917.0,908.97,925.03,955.0,1.0,4.732254047322557,OBJECTIF ATTEINT,8.2
2025-03-31 06:27:53,PALLADIUM,FX/Indices,1H,992.0,983.5,1001.84,1033.6,1.1576470588235332,4.894117647058813,OBJECTIF ATTEINT,7.7
2025-03-27 12:30:54,PALLADIUM,FX/Indices,1H,982.0,978.94,988.0,995.5,1.9607843137255252,4.411764705882431,OBJECTIF ATTEINT,9.1
2025-03-18 12:31:07,PALLADIUM,FX/Indices,1H,984.5,977.5,995.5,1001.84,1.5714285714285714,2.4771428571428618,INVALIDÉE,9.1
2025-03-18 04:26:49,PLATINUM,FX/Indices,1H,1031.2,1022.5,1048.5,1079.71,1.9885057471264211,5.575862068965487,INVALIDÉE,8.9
2025-03-18 03:28:10,PALLADIUM,FX/Indices,1H,976.5,972.08,984.0,995.5,1.696832579185536,4.298642533936691,OBJECTIF ATTEINT,8.4
2025-03-12 08:31:33,PLATINUM,FX/Indices,1H,996.4,989.24,1014.85,1048.5,2.5768156424581186,7.276536312849197,SEUIL PRÉSERVÉ,8.9
2025-03-10 22:27:38,PALLADIUM,FX/Indices,1H,941.0,948.38,924.6,908.28,2.2222222222222205,4.433604336043367,INVALIDÉE,8.0
2025-03-07 20:00:00,NATURAL GAS,FX/Indices,Journalier,4.396,4.283,4.564,5.141,1.4867256637168214,6.592920353982328,INVALIDÉE,8.8
2025-03-07 15:39:41,PALLADIUM,FX/Indices,1H,962.5,958.9,971.0,1001.84,2.361111111111096,10.927777777777717,INVALIDÉE,8.8
2025-03-05 13:35:51,PLATINUM,FX/Indices,1H,981.2,972.9,995.17,1003.8,1.6831325301204576,2.722891566265027,INVALIDÉE,7.9
2025-02-21 21:29:33,PALLADIUM,FX/Indices,1H,982.5,985.6,976.0,941.43,2.096774193548372,13.248387096774113,OBJECTIF ATTEINT,8.0
2025-02-18 20:00:00,NATURAL GAS,FX/Indices,Journalier,3.99,3.807,4.319,4.561,1.797814207650269,3.1202185792349666,OBJECTIF ATTEINT,9.1
2025-02-14 20:03:01,NATURAL GAS,FX/Indices,Journalier,3.735,3.682,3.807,4.319,1.3584905660377387,11.018867924528317,OBJECTIF ATTEINT,8.8
2025-02-13 20:37:27,PALLADIUM,FX/Indices,1H,1024.0,1015.44,1046.53,1077.5,2.632009345794406,6.25000000000004,INVALIDÉE,8.9
2025-02-12 15:07:53,NATURAL GAS,FX/Indices,Journalier,3.556,3.497,3.682,3.807,2.135593220338975,4.254237288135579,OBJECTIF ATTEINT,7.5
2025-02-10 05:27:06,NATURAL GAS,FX/Indices,1H,3.429,3.373,3.497,3.716,1.214285714285724,5.125000000000043,SEUIL PRÉSERVÉ,8.9
2025-02-06 19:36:53,PALLADIUM,FX/Indices,1H,991.0,995.34,981.07,964.0,2.2880184331796953,6.221198156681982,INVALIDÉE,8.4
2025-02-06 12:33:00,NATURAL GAS,FX/Indices,1H,3.372,3.299,3.497,3.599,1.7123287671232887,3.1095890410958966,SEUIL PRÉSERVÉ,8.2
2025-02-04 03:31:55,PALLADIUM,FX/Indices,1H,1062.0,1046.53,1077.5,1103.7,1.001939237233353,2.6955397543632817,INVALIDÉE,8.4
2025-01-31 15:40:43,PALLADIUM,FX/Indices,1H,1048.5,1034.0,1090.23,1103.7,2.87793103448276,3.806896551724141,SEUIL PRÉSERVÉ,8.6
2025-01-16 12:57:40,NATURAL GAS,FX/Indices,Journalier,4.143,3.945,4.38,4.787,1.1969696969696977,3.252525252525254,INVALIDÉE,9.1
2025-01-09 23:41:59,PALLADIUM,FX/Indices,1H,944.0,939.0,949.0,995.34,1.0,10.268000000000006,OBJECTIF ATTEINT,8.8
2025-01-09 17:53:57,NATURAL GAS,FX/Indices,Journalier,3.82,3.738,3.949,4.38,1.57317073170732,6.82926829268294,INVALIDÉE,8.6
2025-01-07 21:28:19,PALLADIUM,FX/Indices,1H,930.5,920.0,945.0,957.0,1.380952380952381,2.5238095238095237,SEUIL PRÉSERVÉ,8.2
2024-12-18 12:31:09,PALLADIUM,FX/Indices,1H,930.0,945.0,905.57,895.1,1.6286666666666634,2.3266666666666653,OBJECTIF ATTEINT,8.2
2024-12-17 10:31:51,PALLADIUM,FX/Indices,1H,939.5,945.0,928.45,895.1,2.009090909090901,8.072727272727269,SEUIL PRÉSERVÉ,8.2
2024-12-13 19:37:20,PLATINUM,FX/Indices,1H,923.9,929.9,911.0,890.9,2.1499999999999964,5.5,INVALIDÉE,8.2
2024-12-12 18:35:26,NATURAL GAS,FX/Indices,1H,3.511,3.479,3.546,3.669,1.0937499999999896,4.937499999999993,INVALIDÉE,8.6
2024-12-11 18:35:58,PALLADIUM,FX/Indices,1H,1011.0,1002.5,1022.53,1046.5,1.356470588235291,4.176470588235294,INVALIDÉE,8.9
2024-12-03 01:28:27,PLATINUM,FX/Indices,1H,952.3,947.6,959.1,963.6,1.4468085106383335,2.4042553191489855,OBJECTIF ATTEINT,8.8
2024-11-22 01:28:27,PALLADIUM,FX/Indices,1H,1046.0,1032.5,1080.53,1103.0,2.5577777777777757,4.222222222222222,INVALIDÉE,8.8
2024-11-20 21:26:19,NATURAL GAS,FX/Indices,1H,3.221,3.176,3.331,3.504,2.4444444444444455,6.288888888888897,OBJECTIF ATTEINT,8.8
2024-11-08 10:29:48,PALLADIUM,FX/Indices,1H,1010.5,1021.3,993.84,949.23,1.542592592592596,5.6731481481481705,OBJECTIF ATTEINT,8.0
2024-10-24 13:27:56,PLATINUM,FX/Indices,1H,1048.1,1042.7,1057.08,1092.2,1.6629629629630083,8.166666666666899,INVALIDÉE,8.6
2024-10-24 07:29:57,PALLADIUM,FX/Indices,1H,1119.0,1107.4,1147.63,1205.27,2.468103448275891,7.437068965517298,OBJECTIF ATTEINT,8.6
2024-10-24 05:26:04,PLATINUM,FX/Indices,1H,1038.7,1035.4,1042.7,1048.7,1.2121212121212288,3.030303030303072,OBJECTIF ATTEINT,7.7
2024-10-22 05:43:52,PALLADIUM,FX/Indices,Journalier,1066.0,1045.1,1107.4,1236.1,1.9808612440191344,8.138755980861204,OBJECTIF ATTEINT,8.2
2024-10-10 22:52:29,PALLADIUM,FX/Indices,Journalier,1080.0,1067.4,1107.4,1236.1,2.1746031746031975,12.388888888888971,INVALIDÉE,8.4
2024-10-07 19:33:04,PALLADIUM,FX/Indices,1H,1024.0,1005.5,1045.1,1059.5,1.1405405405405356,1.9189189189189189,INVALIDÉE,7.9
2024-10-03 22:38:00,NATURAL GAS,FX/Indices,1H,2.97,2.946,2.999,3.065,1.2083333333333288,3.9583333333333193,INVALIDÉE,8.6
2024-10-02 09:28:39,NATURAL GAS,FX/Indices,1H,2.939,2.886,2.999,3.065,1.1320754716981156,2.3773584905660385,OBJECTIF ATTEINT,8.6
2024-09-23 07:27:01,PALLADIUM,FX/Indices,1H,1044.0,1046.77,1038.23,993.84,2.083032490974736,18.10830324909758,INVALIDÉE,7.5
2024-09-11 22:28:43,PLATINUM,FX/Indices,1H,958.8,952.3,973.43,998.13,2.25076923076923,6.050769230769237,OBJECTIF ATTEINT,8.2
2024-09-11 06:26:11,PALLADIUM,FX/Indices,1H,982.5,977.0,993.84,1046.77,2.0618181818181878,11.685454545454542,INVALIDÉE,8.8
2024-09-09 04:25:22,PLATINUM,FX/Indices,1H,936.5,933.8,942.0,953.17,2.0370370370370026,6.174074074073955,INVALIDÉE,8.4
2024-09-04 13:27:34,NATURAL GAS,FX/Indices,1H,2.25,2.225,2.291,2.368,1.6400000000000028,4.720000000000012,INVALIDÉE,8.6
2024-09-03 20:24:56,NATURAL GAS,FX/Indices,1H,2.212,2.202,2.239,2.293,2.699999999999907,8.09999999999981,INVALIDÉE,8.8
2024-08-15 07:27:36,PALLADIUM,FX/Indices,1H,933.0,923.0,944.3,988.34,1.1299999999999955,5.534000000000003,INVALIDÉE,7.5
2024-08-14 00:25:57,PALLADIUM,FX/Indices,1H,930.0,923.2,942.1,988.34,1.7794117647058976,8.579411764705945,INVALIDÉE,8.6
2024-08-08 10:48:22,PLATINUM,FX/Indices,Journalier,926.1,943.53,907.58,886.24,1.0625358577165827,2.2868617326448724,INVALIDÉE,7.9
2024-07-05 08:28:38,PLATINUM,FX/Indices,1H,1022.6,1015.7,1031.4,1038.2,1.2753623188405938,2.2608695652174022,OBJECTIF ATTEINT,7.7
2024-06-27 20:26:28,NATURAL GAS,FX/Indices,1H,2.696,2.757,2.632,2.448,1.0491803278688543,4.0655737704918105,OBJECTIF ATTEINT,7.9
2024-06-24 07:27:28,PALLADIUM,FX/Indices,1H,932.5,925.5,943.28,968.0,1.539999999999996,5.071428571428571,OBJECTIF ATTEINT,7.7
2024-06-21 06:26:12,PLATINUM,FX/Indices,1H,986.9,984.13,992.8,1001.7,2.1299638989169734,5.342960288808724,INVALIDÉE,8.4
2024-06-20 23:26:14,PALLADIUM,FX/Indices,1H,919.5,914.0,927.0,937.0,1.3636363636363635,3.1818181818181817,OBJECTIF ATTEINT,8.4
2024-06-11 07:27:47,NATURAL GAS,FX/Indices,1H,3.032,3.0,3.066,3.131,1.0624999999999931,3.09374999999999,OBJECTIF ATTEINT,7.9
2024-06-11 03:25:17,PLATINUM,FX/Indices,1H,965.8,984.13,940.6,929.73,1.3747954173486021,1.9678123295144494,SEUIL PRÉSERVÉ,8.4
2024-05-21 13:27:40,PALLADIUM,FX/Indices,1H,1034.5,1026.0,1044.5,1088.9,1.1764705882352942,6.400000000000011,INVALIDÉE,8.4
2024-05-20 03:25:09,PLATINUM,FX/Indices,1H,1100.4,1091.1,1127.0,1190.73,2.8602150537633753,9.712903225806254,INVALIDÉE,8.8
2024-05-16 18:32:38,NATURAL GAS,FX/Indices,1H,2.496,2.464,2.564,2.757,2.125,8.156249999999996,OBJECTIF ATTEINT,8.0
2024-05-16 00:26:33,NATURAL GAS,FX/Indices,1H,2.424,2.397,2.464,2.564,1.4814814814814754,5.185185185185164,INVALIDÉE,8.6
2024-05-15 09:27:17,NATURAL GAS,FX/Indices,1H,2.368,2.344,2.397,2.464,1.2083333333333288,4.0,INVALIDÉE,8.6
2024-05-15 04:27:05,PALLADIUM,FX/Indices,1H,998.0,994.17,1006.0,1040.23,2.08877284595298,11.0261096605743,OBJECTIF ATTEINT,8.9
2024-05-08 19:32:23,PLATINUM,FX/Indices,1H,985.6,980.3,992.8,1001.7,1.3584905660377056,3.037735849056569,OBJECTIF ATTEINT,7.7
2024-05-07 22:26:23,NATURAL GAS,FX/Indices,1H,2.22,2.188,2.262,2.308,1.3124999999999931,2.7499999999999862,INVALIDÉE,8.6
2024-04-19 12:28:52,PLATINUM,FX/Indices,1H,938.5,944.0,928.1,910.54,1.8909090909090869,5.08363636363637,INVALIDÉE,8.6
2024-04-17 06:43:48,NATURAL GAS,FX/Indices,Journalier,1.687,1.718,1.627,1.474,1.9354838709677489,6.870967741935505,INVALIDÉE,7.7
2024-03-22 13:28:13,NATURAL GAS,FX/Indices,1H,1.663,1.691,1.585,1.515,2.7857142857142856,5.285714285714286,INVALIDÉE,8.0
2024-03-19 20:25:37,NATURAL GAS,FX/Indices,1H,1.743,1.717,1.783,1.841,1.5384615384615299,3.7692307692307607,INVALIDÉE,8.0
2024-03-13 16:00:25,NATURAL GAS,FX/Indices,Journalier,1.675,1.745,1.602,1.563,1.0428571428571414,1.6,INVALIDÉE,7.7
2024-03-07 09:27:36,NATURAL GAS,FX/Indices,1H,1.947,1.919,2.009,2.14,2.2142857142857064,6.892857142857139,INVALIDÉE,8.0
2024-03-05 10:27:17,NATURAL GAS,FX/Indices,1H,1.936,1.918,1.989,2.14,2.9444444444444504,11.333333333333334,INVALIDÉE,7.7
2024-03-04 07:26:48,NATURAL GAS,FX/Indices,1H,1.894,1.877,1.918,2.029,1.4117647058823621,7.941176470588281,OBJECTIF ATTEINT,8.6
2024-02-19 00:25:06,PLATINUM,FX/Indices,1H,914.5,906.86,928.93,938.3,1.888743455497379,3.115183246073298,SEUIL PRÉSERVÉ,8.0
2024-01-23 16:32:37,PALLADIUM,FX/Indices,1H,946.0,934.0,964.34,981.67,1.528333333333336,2.9724999999999966,OBJECTIF ATTEINT,7.9
2024-01-12 03:26:01,NATURAL GAS,FX/Indices,1H,3.175,3.156,3.201,3.407,1.3684210526316147,12.210526315789688,INVALIDÉE,8.6
2023-12-18 04:24:54,NATURAL GAS,FX/Indices,1H,2.526,2.489,2.61,2.675,2.2702702702702773,4.027027027027036,SEUIL PRÉSERVÉ,8.4
2023-12-14 11:27:40,PLATINUM,FX/Indices,1H,951.5,936.46,979.4,994.17,1.8550531914893647,2.8371010638297913,SEUIL PRÉSERVÉ,8.9
2023-12-14 03:25:31,PALLADIUM,FX/Indices,1H,1004.5,999.0,1011.0,1021.0,1.1818181818181819,3.0,OBJECTIF ATTEINT,8.8
2023-12-07 01:43:13,PALLADIUM,FX/Indices,Journalier,948.5,964.34,928.6,846.8,1.2563131313131273,6.420454545454535,INVALIDÉE,8.0
2023-12-06 20:31:11,PLATINUM,FX/Indices,1H,893.7,900.46,880.4,862.5,1.967455621301788,4.615384615384628,INVALIDÉE,8.0
2023-12-04 03:25:22,NATURAL GAS,FX/Indices,1H,2.713,2.761,2.615,2.477,2.041666666666662,4.916666666666667,SEUIL PRÉSERVÉ,8.2
2023-11-20 04:25:06,PALLADIUM,FX/Indices,1H,1066.0,1048.63,1088.5,1101.0,1.295336787564775,2.014968336211872,OBJECTIF ATTEINT,8.6
2023-11-17 09:27:18,PLATINUM,FX/Indices,1H,903.9,900.46,908.96,943.0,1.470930232558182,11.366279069767645,OBJECTIF ATTEINT,7.3
2023-11-16 10:26:59,PALLADIUM,FX/Indices,1H,1041.5,1035.5,1053.96,1100.2,2.076666666666673,9.78333333333334,INVALIDÉE,8.2
2023-11-01 17:30:25,PALLADIUM,FX/Indices,1H,1113.5,1122.1,1101.5,1088.0,1.395348837209317,2.965116279069799,INVALIDÉE,8.2
2023-10-25 16:31:56,PALLADIUM,FX/Indices,1H,1142.0,1133.1,1153.17,1162.5,1.2550561797752762,2.3033707865168305,INVALIDÉE,8.2
2023-10-25 00:25:00,PALLADIUM,FX/Indices,1H,1133.5,1126.33,1152.7,1175.64,2.677824267782406,5.877266387726593,INVALIDÉE,6.8
2023-10-18 19:30:42,NATURAL GAS,FX/Indices,1H,3.05,3.067,3.024,2.965,1.5294117647058394,4.999999999999895,INVALIDÉE,7.9
2023-10-04 06:40:38,PALLADIUM,FX/Indices,Journalier,1160.5,1175.64,1125.0,1069.5,2.3447820343460877,6.0105680317040555,OBJECTIF ATTEINT,8.6
2023-10-03 02:40:19,PLATINUM,FX/Indices,Journalier,876.4,902.01,837.37,831.0,1.524014057008979,1.7727450214759841,INVALIDÉE,8.6
2023-09-28 19:29:42,NATURAL GAS,FX/Indices,1H,2.944,2.908,2.982,3.03,1.0555555555555618,2.3888888888888826,INVALIDÉE,8.2
2023-09-26 07:26:55,NATURAL GAS,FX/Indices,1H,2.859,2.88,2.802,2.668,2.7142857142857233,9.095238095238127,INVALIDÉE,8.2
2023-09-20 10:27:10,PLATINUM,FX/Indices,1H,948.9,944.52,955.0,986.1,1.3926940639269472,8.493150684931527,INVALIDÉE,7.5
2023-09-12 04:25:34,PALLADIUM,FX/Indices,1H,1223.0,1214.85,1233.0,1240.0,1.226993865030661,2.085889570552124,OBJECTIF ATTEINT,8.2
2023-09-07 11:26:58,PALLADIUM,FX/Indices,1H,1197.5,1214.94,1175.64,1141.27,1.2534403669724674,3.224197247706413,INVALIDÉE,7.7
2023-09-06 10:27:17,PALLADIUM,FX/Indices,1H,1203.5,1227.6,1175.64,1141.27,1.1560165975103736,2.582157676348558,SEUIL PRÉSERVÉ,8.6
2023-08-25 20:25:45,PLATINUM,FX/Indices,1H,951.1,944.52,964.87,1010.62,2.0927051671732366,9.045592705167115,OBJECTIF ATTEINT,8.8
2023-08-24 19:30:34,PLATINUM,FX/Indices,1H,943.4,928.47,964.87,1010.62,1.4380442062960548,4.502344273275302,SEUIL PRÉSERVÉ,8.4
2023-08-08 15:09:14,PLATINUM,FX/Indices,Journalier,903.7,944.52,843.0,822.0,1.4870161685448344,2.00146986771191,INVALIDÉE,8.6
2023-08-04 14:03:12,PLATINUM,FX/Indices,Journalier,927.9,944.52,907.12,843.0,1.2503008423586022,5.10830324909747,INVALIDÉE,7.3
2023-07-12 05:29:49,PLATINUM,FX/Indices,1H,938.0,935.5,942.84,972.83,1.9360000000000128,13.932000000000016,OBJECTIF ATTEINT,7.3
2023-06-28 04:29:41,PLATINUM,FX/Indices,1H,920.8,937.12,899.07,852.8,1.3314950980392057,4.166666666666654,SEUIL PRÉSERVÉ,8.2
2023-06-16 05:29:45,PALLADIUM,FX/Indices,1H,1401.0,1384.62,1417.5,1432.5,1.0073260073260006,1.9230769230769102,OBJECTIF ATTEINT,8.8
2023-06-15 09:32:01,NATURAL GAS,FX/Indices,1H,2.349,2.316,2.39,2.572,1.2424242424242264,6.75757575757568,OBJECTIF ATTEINT,8.6
2023-06-14 22:29:48,PALLADIUM,FX/Indices,1H,1393.0,1384.59,1417.5,1448.5,2.913198573127201,6.5992865636146805,INVALIDÉE,7.9
2023-06-13 16:35:33,PLATINUM,FX/Indices,1H,984.1,991.9,972.7,937.12,1.4615384615384672,6.02307692307696,SEUIL PRÉSERVÉ,8.6
2023-06-12 12:32:38,PLATINUM,FX/Indices,1H,1001.1,1010.77,991.4,972.7,1.0031023784901847,2.936918304033102,SEUIL PRÉSERVÉ,8.0
2023-06-09 09:32:30,NATURAL GAS,FX/Indices,1H,2.331,2.317,2.357,2.41,1.8571428571429025,5.64285714285724,INVALIDÉE,7.3
2023-05-17 09:32:39,NATURAL GAS,FX/Indices,1H,2.384,2.339,2.442,2.47,1.288888888888897,1.9111111111111208,SEUIL PRÉSERVÉ,7.1
2023-04-24 13:33:23,PALLADIUM,FX/Indices,1H,1552.5,1577.75,1524.2,1462.79,1.120792079207919,3.5528712871287143,OBJECTIF ATTEINT,8.4
2023-04-19 14:38:56,PLATINUM,FX/Indices,1H,1101.2,1092.3,1118.21,1160.1,1.9112359550561593,6.6179775280898046,SEUIL PRÉSERVÉ,8.4
2023-04-04 09:33:27,PLATINUM,FX/Indices,1H,1000.6,996.45,1009.16,1014.16,2.0626506024096365,3.267469879518077,OBJECTIF ATTEINT,8.4
2023-04-03 04:52:47,NATURAL GAS,FX/Indices,Journalier,2.087,2.192,1.98,1.886,1.0190476190476212,1.9142857142857175,INVALIDÉE,8.0
2023-03-31 19:36:34,PLATINUM,FX/Indices,1H,1002.1,998.92,1008.27,1014.16,1.9402515723269924,3.7924528301885863,INVALIDÉE,8.2
2023-03-28 18:35:37,PLATINUM,FX/Indices,1H,963.6,966.73,960.2,953.0,1.0862619808306653,3.3865814696485743,OBJECTIF ATTEINT,7.9
2023-03-22 10:33:44,PALLADIUM,FX/Indices,1H,1381.0,1394.0,1362.1,1346.0,1.453846153846161,2.6923076923076925,INVALIDÉE,7.9
2023-03-10 20:36:39,NATURAL GAS,FX/Indices,1H,2.439,2.466,2.39,2.227,1.8148148148148033,7.851851851851819,INVALIDÉE,7.3
2023-03-08 19:37:21,PALLADIUM,FX/Indices,1H,1351.5,1365.25,1328.5,1299.73,1.6727272727272726,3.7650909090909077,SEUIL PRÉSERVÉ,8.0
2023-03-06 17:37:20,PLATINUM,FX/Indices,1H,978.4,973.4,990.1,1025.5,2.340000000000009,9.420000000000005,INVALIDÉE,7.7
2023-03-03 18:35:53,PALLADIUM,FX/Indices,1H,1447.5,1440.2,1455.62,1496.33,1.1123287671232795,6.689041095890443,INVALIDÉE,7.5
2023-03-03 06:30:21,NATURAL GAS,FX/Indices,1H,2.794,2.725,2.863,2.902,1.0,1.5652173913043503,OBJECTIF ATTEINT,8.6
2023-03-01 06:30:53,PLATINUM,FX/Indices,1H,964.9,955.1,983.63,990.1,1.9112244897959292,2.571428571428588,SEUIL PRÉSERVÉ,8.6
2023-03-01 05:31:00,NATURAL GAS,FX/Indices,1H,2.774,2.725,2.902,3.217,2.6122448979591897,9.040816326530626,INVALIDÉE,8.2
2023-02-24 17:36:49,PALLADIUM,FX/Indices,1H,1375.0,1411.67,1330.83,1248.17,1.2045268611944364,3.458685574038715,INVALIDÉE,8.0
2023-02-02 08:33:46,PALLADIUM,FX/Indices,1H,1677.5,1664.9,1703.75,1728.0,2.0833333333333486,4.007936507936537,INVALIDÉE,8.2
2023-01-18 19:35:35,PALLADIUM,FX/Indices,1H,1707.0,1731.0,1675.1,1611.75,1.3291666666666704,3.96875,OBJECTIF ATTEINT,7.7
2023-01-17 16:37:17,PLATINUM,FX/Indices,1H,1047.7,1063.74,1019.63,990.25,1.750000000000007,3.5816708229426544,SEUIL PRÉSERVÉ,8.4
2023-01-10 04:51:04,PLATINUM,FX/Indices,Journalier,1092.3,1063.74,1121.37,1152.99,1.0178571428571426,2.1250000000000058,INVALIDÉE,8.6
2023-01-03 05:29:01,PALLADIUM,FX/Indices,1H,1803.0,1773.67,1842.0,1935.33,1.32969655642687,4.511762700306861,INVALIDÉE,8.6
2022-12-30 14:30:51,PALLADIUM,FX/Indices,1H,1799.0,1777.17,1840.0,1890.67,1.8781493357764607,4.199267063673861,INVALIDÉE,8.6
2022-12-29 18:34:53,PALLADIUM,FX/Indices,1H,1814.5,1803.3,1840.0,1870.0,2.276785714285705,4.955357142857123,INVALIDÉE,8.6
2022-12-27 17:34:13,PALLADIUM,FX/Indices,1H,1832.5,1803.3,1870.0,1907.58,1.2842465753424637,2.5712328767123225,INVALIDÉE,8.6
2022-12-27 14:30:44,PALLADIUM,FX/Indices,1H,1786.0,1777.17,1803.3,1870.0,1.9592298980747562,9.513023782559534,OBJECTIF ATTEINT,8.2
2022-12-27 13:30:50,PALLADIUM,FX/Indices,1H,1788.5,1777.17,1803.3,1870.0,1.306266548985,7.193292144748502,OBJECTIF ATTEINT,8.2
2022-12-19 16:37:39,PLATINUM,FX/Indices,1H,992.7,996.84,985.0,950.5,1.8599033816425292,10.19323671497589,INVALIDÉE,7.9
2022-12-13 11:31:06,NATURAL GAS,FX/Indices,1H,6.849,6.77,7.045,7.213,2.481012658227825,4.607594936708823,INVALIDÉE,7.7
2022-12-11 23:29:26,NATURAL GAS,FX/Indices,1H,6.879,6.81,7.045,7.383,2.4057971014492825,7.3043478260869685,INVALIDÉE,8.8
2022-11-23 21:29:26,PLATINUM,FX/Indices,1H,1005.8,995.12,1020.0,1034.63,1.329588014981284,2.6994382022472183,SEUIL PRÉSERVÉ,7.7
2022-11-18 17:35:25,PALLADIUM,FX/Indices,1H,1944.5,1973.2,1905.7,1847.5,1.3519163763066164,3.379790940766545,OBJECTIF ATTEINT,8.6
2022-11-15 15:37:25,PALLADIUM,FX/Indices,1H,2081.0,2047.0,2115.17,2144.1,1.0050000000000021,1.8558823529411739,SEUIL PRÉSERVÉ,8.6
2022-11-04 20:48:55,PLATINUM,FX/Indices,Journalier,967.4,950.5,997.67,1018.25,1.791124260355031,3.0088757396449757,OBJECTIF ATTEINT,8.6
2022-10-28 15:37:12,PALLADIUM,FX/Indices,1H,1891.0,1905.0,1876.0,1787.9,1.0714285714285714,7.364285714285708,INVALIDÉE,8.0
2022-10-17 03:29:36,PLATINUM,FX/Indices,1H,905.8,903.19,912.31,922.32,2.4942528735633105,6.329501915709091,OBJECTIF ATTEINT,7.9
2022-09-29 22:30:19,PLATINUM,FX/Indices,1H,864.5,854.9,875.93,886.5,1.190624999999992,2.291666666666661,SEUIL PRÉSERVÉ,8.2
2022-09-27 22:29:35,PLATINUM,FX/Indices,1H,849.3,864.4,826.17,817.3,1.5317880794701961,2.1192052980132416,INVALIDÉE,7.7
2022-09-21 08:31:24,PLATINUM,FX/Indices,1H,932.4,918.84,947.87,959.4,1.1408554572271452,1.991150442477884,INVALIDÉE,8.4
2022-09-19 12:31:21,PLATINUM,FX/Indices,1H,909.3,903.42,919.1,931.22,1.6666666666666796,3.7278911564626003,OBJECTIF ATTEINT,7.7
2022-09-14 02:29:37,NATURAL GAS,FX/Indices,1H,8.436,8.301,8.623,8.995,1.3851851851851829,4.140740740740742,OBJECTIF ATTEINT,8.2
2022-09-12 05:49:24,PALLADIUM,FX/Indices,Journalier,2160.5,2086.43,2256.9,2436.43,1.30147158093695,3.7252598892939006,INVALIDÉE,6.8
2022-09-07 11:31:11,PLATINUM,FX/Indices,1H,841.0,835.11,850.67,868.8,1.6417657045840377,4.719864176570462,OBJECTIF ATTEINT,8.6
2022-08-16 02:31:02,NATURAL GAS,FX/Indices,1H,8.838,8.732,8.994,9.242,1.4716981132075544,3.8113207547170016,OBJECTIF ATTEINT,8.4
2022-08-09 00:29:46,PLATINUM,FX/Indices,1H,943.7,931.22,976.43,1027.84,2.622596153846142,6.741987179487159,SEUIL PRÉSERVÉ,8.8
2022-08-02 19:34:59,NATURAL GAS,FX/Indices,1H,7.668,7.751,7.575,7.144,1.1204819277108404,6.313253012048179,INVALIDÉE,8.0
2022-08-01 23:29:37,PALLADIUM,FX/Indices,1H,2207.0,2189.47,2247.4,2361.47,2.3046206503137268,8.811751283513864,INVALIDÉE,8.6
2022-07-29 17:35:03,PLATINUM,FX/Indices,1H,891.2,881.34,902.18,931.22,1.1135902636916724,4.058823529411757,OBJECTIF ATTEINT,8.4
2022-07-28 17:34:40,PALLADIUM,FX/Indices,1H,2084.5,2034.94,2134.08,2247.4,1.0004035512510085,3.2869249394673177,SEUIL PRÉSERVÉ,8.4
2022-07-05 09:06:27,PLATINUM,FX/Indices,Journalier,856.3,884.8,801.87,732.43,1.909824561403507,4.346315789473684,INVALIDÉE,8.8
2022-07-01 13:05:58,PLATINUM,FX/Indices,Journalier,853.7,870.03,833.17,829.17,1.2571953459889882,1.5021432945499202,INVALIDÉE,8.6
2022-06-30 23:11:59,PLATINUM,FX/Indices,Journalier,882.9,902.15,850.67,833.17,1.6742857142857153,2.5833766233766244,OBJECTIF ATTEINT,8.6
2022-06-28 07:40:38,PALLADIUM,FX/Indices,1H,1899.5,1884.5,1924.5,1950.0,1.6666666666666667,3.3666666666666667,INVALIDÉE,7.7
2022-06-27 14:45:37,PLATINUM,FX/Indices,1H,891.4,903.25,865.43,851.77,2.191561181434597,3.344303797468348,INVALIDÉE,7.9
2022-06-27 12:40:46,PALLADIUM,FX/Indices,1H,1924.0,1899.5,1948.77,2002.53,1.0110204081632646,3.2053061224489783,INVALIDÉE,8.9
2022-06-14 15:38:55,PLATINUM,FX/Indices,1H,917.3,923.3,903.25,851.77,2.3416666666666592,10.921666666666662,INVALIDÉE,8.0
2022-06-06 04:39:35,PLATINUM,FX/Indices,1H,1026.0,998.0,1055.5,1071.49,1.0535714285714286,1.6246428571428575,SEUIL PRÉSERVÉ,8.4
2022-05-16 10:40:50,PLATINUM,FX/Indices,1H,923.1,932.32,912.9,903.25,1.1062906724511947,2.152928416485896,SEUIL PRÉSERVÉ,7.7
2022-05-03 02:39:50,PLATINUM,FX/Indices,1H,935.9,932.32,942.4,953.34,1.8156424581005957,4.8715083798883825,OBJECTIF ATTEINT,8.6
2022-04-04 09:42:03,PALLADIUM,FX/Indices,1H,2319.5,2273.0,2369.64,2500.0,1.0782795698924703,3.881720430107527,SEUIL PRÉSERVÉ,8.6
2022-04-04 03:40:09,NATURAL GAS,FX/Indices,1H,5.755,5.707,5.88,6.102,2.6041666666666643,7.229166666666669,SEUIL PRÉSERVÉ,8.2
2022-03-24 09:32:52,PLATINUM,FX/Indices,1H,1017.5,1028.65,1002.3,983.7,1.3632286995515626,3.031390134529119,INVALIDÉE,7.7
2022-03-24 08:33:12,NATURAL GAS,FX/Indices,1H,5.211,5.113,5.33,5.501,1.2142857142857137,2.959183673469392,OBJECTIF ATTEINT,7.3
2022-03-22 06:40:20,NATURAL GAS,FX/Indices,1H,4.961,4.837,5.09,5.316,1.040322580645153,2.862903225806435,OBJECTIF ATTEINT,8.4
2022-03-22 05:39:57,PALLADIUM,FX/Indices,1H,2580.0,2530.33,2639.0,2717.4,1.1878397422991729,2.766257298167906,INVALIDÉE,8.2
2022-03-21 03:40:29,PALLADIUM,FX/Indices,1H,2554.0,2500.0,2639.0,2717.4,1.5740740740740742,3.0259259259259275,SEUIL PRÉSERVÉ,6.8
2022-03-08 12:42:09,PLATINUM,FX/Indices,1H,1150.0,1138.5,1165.3,1247.5,1.3304347826086917,8.478260869565217,OBJECTIF ATTEINT,8.4
2022-02-14 20:45:59,PALLADIUM,FX/Indices,1H,2366.0,2355.5,2393.17,2424.0,2.5876190476190546,5.523809523809524,INVALIDÉE,7.7
2022-02-08 08:42:09,PLATINUM,FX/Indices,1H,1011.2,1020.9,991.1,970.96,2.0721649484536253,4.148453608247452,INVALIDÉE,8.2
2022-01-28 20:46:06,PALLADIUM,FX/Indices,1H,2379.5,2312.77,2484.53,2500.0,1.573954742994158,1.805784504720515,SEUIL PRÉSERVÉ,8.6
2022-01-27 09:32:55,NATURAL GAS,FX/Indices,1H,4.103,4.04,4.194,4.335,1.4444444444444537,3.682539682539702,OBJECTIF ATTEINT,7.1
2022-01-26 06:40:20,NATURAL GAS,FX/Indices,1H,3.914,3.891,3.978,4.067,2.7826086956521605,6.652173913043441,OBJECTIF ATTEINT,8.0
2022-01-12 01:30:36,NATURAL GAS,FX/Indices,1H,4.22,4.051,4.393,4.543,1.0236686390532572,1.9112426035503027,OBJECTIF ATTEINT,8.4
2022-01-07 20:36:17,NATURAL GAS,FX/Indices,1H,3.923,3.867,4.031,4.077,1.9285714285714206,2.749999999999996,OBJECTIF ATTEINT,7.9
2022-01-07 04:30:25,NATURAL GAS,FX/Indices,1H,3.861,3.822,3.931,4.031,1.794871794871784,4.358974358974329,OBJECTIF ATTEINT,7.0
2021-12-10 11:32:40,PALLADIUM,FX/Indices,1H,1777.0,1799.64,1750.25,1727.08,1.181537102473493,2.2049469964664246,OBJECTIF ATTEINT,7.9
2021-12-03 21:30:47,NATURAL GAS,FX/Indices,1H,4.097,4.139,4.041,3.798,1.3333333333333404,7.1190476190476595,OBJECTIF ATTEINT,8.0
2021-12-02 21:31:28,NATURAL GAS,FX/Indices,1H,4.112,4.139,4.041,3.798,2.6296296296296067,11.629629629629573,INVALIDÉE,7.9
2021-11-09 14:32:45,PLATINUM,FX/Indices,1H,1062.6,1055.6,1070.2,1115.67,1.0857142857143052,7.581428571428595,SEUIL PRÉSERVÉ,8.2
2021-10-26 04:50:21,NATURAL GAS,FX/Indices,Journalier,6.22,6.102,6.439,7.259,1.855932203389842,8.805084745762759,INVALIDÉE,8.4
2021-10-15 08:32:40,NATURAL GAS,FX/Indices,1H,5.726,5.656,5.808,5.964,1.1714285714285646,3.3999999999999924,INVALIDÉE,7.1
2021-10-14 07:32:19,PLATINUM,FX/Indices,1H,1026.5,1020.63,1041.7,1105.6,2.589437819420789,13.47529812606471,OBJECTIF ATTEINT,8.6
2021-10-10 22:30:47,PALLADIUM,FX/Indices,1H,2110.0,2078.8,2155.67,2207.54,1.463782051282062,3.126282051282068,OBJECTIF ATTEINT,8.8
2021-10-08 08:32:32,PLATINUM,FX/Indices,1H,986.9,981.1,997.7,1028.65,1.8620689655172677,7.198275862069042,OBJECTIF ATTEINT,8.6
2021-09-14 23:31:44,PLATINUM,FX/Indices,1H,932.9,942.2,920.57,881.39,1.3258064516128856,5.538709677419313,OBJECTIF ATTEINT,7.9
2021-09-07 10:33:33,PALLADIUM,FX/Indices,1H,2387.5,2398.2,2367.8,2356.0,1.841121495327117,2.9439252336449098,OBJECTIF ATTEINT,8.2
2021-08-26 11:34:39,NATURAL GAS,FX/Indices,1H,3.965,3.952,3.989,4.159,1.846153846153862,14.923076923077033,OBJECTIF ATTEINT,8.9
2021-08-12 16:36:30,PLATINUM,FX/Indices,1H,1021.6,1017.96,1027.78,1036.3,1.6978021978021904,4.038461538461535,INVALIDÉE,8.6
2021-08-09 05:37:14,NATURAL GAS,FX/Indices,1H,4.175,4.148,4.205,4.375,1.1111111111111147,7.407407407407377,INVALIDÉE,8.6
2021-08-05 23:03:32,PLATINUM,FX/Indices,Journalier,1000.9,1027.78,961.83,891.17,1.4534970238095217,4.082217261904764,OBJECTIF ATTEINT,8.6
2021-08-03 14:38:33,PLATINUM,FX/Indices,1H,1037.1,1044.2,1027.78,976.37,1.312676056337994,8.553521126760385,INVALIDÉE,7.7
2021-08-02 13:53:30,PALLADIUM,FX/Indices,1H,2690.5,2677.42,2717.4,2739.72,2.056574923547419,3.7629969418960303,SEUIL PRÉSERVÉ,8.8
2021-07-14 18:38:31,PLATINUM,FX/Indices,1H,1129.8,1118.1,1148.77,1198.28,1.6213675213675174,5.852991452991432,SEUIL PRÉSERVÉ,8.6
2021-07-07 18:36:50,PALLADIUM,FX/Indices,1H,2862.0,2836.8,2903.1,2981.4,1.6309523809523891,4.738095238095276,INVALIDÉE,8.9
2021-06-23 11:58:49,NATURAL GAS,FX/Indices,Journalier,3.291,3.23,3.354,3.509,1.0327868852459052,3.5737704918032818,OBJECTIF ATTEINT,8.6
2021-06-09 19:39:35,NATURAL GAS,FX/Indices,1H,3.149,3.108,3.198,3.23,1.1951219512195128,1.9756097560975636,OBJECTIF ATTEINT,8.6
2021-06-08 06:30:27,NATURAL GAS,FX/Indices,1H,3.108,3.09,3.15,3.23,2.333333333333292,6.777777777777682,OBJECTIF ATTEINT,8.6
2021-06-04 20:04:33,NATURAL GAS,FX/Indices,Journalier,3.098,3.029,3.23,3.354,1.9130434782608727,3.7101449275362377,OBJECTIF ATTEINT,8.4
2021-06-02 13:38:50,PALLADIUM,FX/Indices,1H,2862.5,2854.0,2873.22,2903.1,1.2611764705882118,4.776470588235283,OBJECTIF ATTEINT,7.9
2021-05-28 05:31:37,PALLADIUM,FX/Indices,1H,2824.5,2803.17,2849.0,2908.5,1.1486169714017855,3.9381153305204073,SEUIL PRÉSERVÉ,8.2
2021-05-24 14:42:32,PALLADIUM,FX/Indices,1H,2757.5,2766.5,2717.4,2653.0,4.455555555555545,11.61111111111111,SEUIL PRÉSERVÉ,7.9
2021-05-18 00:36:03,PLATINUM,FX/Indices,1H,1249.0,1236.27,1265.5,1281.4,1.2961508248232503,2.545168892380208,INVALIDÉE,8.8
2021-05-13 23:30:28,NATURAL GAS,FX/Indices,1H,2.978,2.97,2.989,3.001,1.3749999999999585,2.8749999999999583,INVALIDÉE,8.4
2021-05-10 09:33:35,PLATINUM,FX/Indices,1H,1267.8,1261.83,1273.9,1313.24,1.0217755443886278,7.611390284757094,OBJECTIF ATTEINT,8.4
2021-05-04 19:47:18,NATURAL GAS,FX/Indices,1H,2.973,2.934,3.046,3.161,1.871794871794885,4.820512820512862,SEUIL PRÉSERVÉ,8.2
2021-05-04 08:40:54,PLATINUM,FX/Indices,1H,1246.0,1240.5,1261.8,1313.24,2.8727272727272646,12.225454545454546,OBJECTIF ATTEINT,8.6
2021-04-29 12:36:56,PALLADIUM,FX/Indices,1H,2957.0,2928.0,3042.0,3156.0,2.9310344827586206,6.862068965517241,SEUIL PRÉSERVÉ,7.9
